company,date,link
厦门市腾盛兴电子技术有限公司行政处罚决定书,2024-11-26,./202411/t20241126_2903149.htm
厦门市玖玖机动车检测有限公司行政处罚决定书,2024-11-13,./202411/t20241113_2900716.htm
解除扣押决定书厦门市腾盛兴电子技术有限公司,2024-10-16,./202411/t20241129_2903969.htm
张帅涛行政处罚决定书,2024-10-11,./202410/t20241011_2894766.htm
厦门日上钢圈有限公司行政处罚决定书,2024-10-11,./202410/t20241011_2894762.htm
厦门钟利机动车检测有限公司行政处罚决定书,2024-09-29,./202409/t20240929_2892737.htm
厦门威正检测技术有限公司行政处罚决定书,2024-09-27,./202409/t20240927_2892487.htm
厦门杏海森制冷设备有限公司行政处罚决定书,2024-09-26,./202409/t20240926_2892288.htm
厦门誉冠机动车服务有限公司行政处罚决定书,2024-09-23,./202409/t20240923_2891392.htm
厦门运发机动车服务有限公司行政处罚决定书,2024-09-23,./202409/t20240923_2891391.htm
厦门市腾盛兴电子技术有限公司扣押决定书,2024-09-18,./202411/t20241129_2903963.htm
益思渠（厦门）环境安全技术有限公司行政处罚决定书,2024-08-28,./202408/t20240828_2887036.htm
厦门泰康藤工贸有限公司行政处罚决定书,2024-08-28,./202408/t20240828_2887034.htm
厦门华诚实业有限公司行政处罚决定书,2024-08-09,./202408/t20240809_2884053.htm
厦门眼科中心资产管理有限公司行政处罚决定书,2024-08-09,./202408/t20240809_2884051.htm
厦门顺再顺环保科技有限公司不予行政处罚决定书,2024-08-05,./202408/t20240806_2883256.htm
厦门保沣集团有限公司不予行政处罚决定书,2024-08-01,./202408/t20240814_2884803.htm
厦门新凯复材科技有限公司杏林分厂行政处罚决定书,2024-06-28,./202407/t20240724_2880394.htm
厦门瑞新热电有限公司行政处罚决定书,2024-06-25,./202406/t20240625_2855328.htm
厦门云通环安工程技术有限公司行政处罚决定书,2024-06-21,./202406/t20240621_2854692.htm
福建复次普广报废汽车回收有限公司行政处罚决定书,2024-05-29,./202405/t20240531_2849912.htm
厦门叁德利环境科技有限公司行政处罚决定书,2024-05-15,./202405/t20240515_2846696.htm
厦门星聿环保技术服务有限公司行政处罚决定书,2024-05-15,./202405/t20240515_2846694.htm
元证（厦门）环境工程有限公司行政处罚决定书,2024-05-15,./202405/t20240515_2846692.htm
厦门瑞新热电有限公司行政处罚决定书,2024-05-15,./202405/t20240515_2846655.htm
福建复次普广报废汽车回收有限公司责令改正违法行为决定书,2024-05-06,./202405/t20240506_2844667.htm
厦门瑞新热电有限公司责令改正违法行为决定书,2024-04-19,./202404/t20240422_2842415.htm
厦门瑞新热电有限公司责令改正违法行为决定书,2024-04-17,./202404/t20240422_2842413.htm
元证（厦门）环境工程有限公司责令改正违法行为决定书,2024-04-16,./202404/t20240416_2841479.htm
厦门叁德利环境科技有限公司责令改正违法行为决定书,2024-04-15,./202404/t20240415_2841215.htm
厦门星聿环保技术服务有限公司责令改正违法行为决定书,2024-04-11,./202404/t20240411_2840508.htm
厦门源生态环保科技有限公司行政处罚决定书,2024-04-08,./202404/t20240408_2839745.htm
厦门元甲电子科技有限公司行政处罚决定书,2024-04-08,./202404/t20240408_2839734.htm
罗礼堂解除查封（扣押）决定书,2024-03-22,./202403/t20240322_2830947.htm
罗礼堂查封（扣押）决定书,2024-03-22,./202403/t20240322_2830942.htm
立讯远（厦门）环境科技有限公司行政处罚决定书,2024-03-06,./202403/t20240306_2827399.htm
厦门华弘昌科技有限公司行政处罚决定书,2024-03-04,./202403/t20240304_2826752.htm
厦门华弘昌科技有限公司责令改正违法行为决定书,2024-02-22,./202402/t20240222_2822711.htm
行政处罚决定书 厦门民兴工业有限公司,2024-01-19,./202401/t20240130_2812748.htm
行政处罚决定书 厦门瀚宏环境科技有限公司,2024-01-19,./202401/t20240130_2812746.htm
行政处罚决定书 林志勤（洪塘头刘山破碎场）,2024-01-18,./202401/t20240118_2810839.htm
行政处罚决定书 厦门鑫新翔节能科技有限公司,2024-01-18,./202401/t20240118_2810837.htm
行政处罚决定书 福建象屿壳牌石油有限责任公司厦门同安银湖中路加油站,2024-01-18,./202401/t20240118_2810836.htm
行政处罚决定书 厦门春昶工贸有限公司,2024-01-18,./202401/t20240118_2810835.htm
行政处罚决定书 福建格瑞恩工程设计有限公司,2024-01-16,./202401/t20240116_2810384.htm
行政处罚决定书 厦门世洁股份有限公司,2023-12-18,./202312/t20231218_2804260.htm
行政处罚决定书 厦门市鑫融顺机动车检测有限公司,2023-12-12,./202312/t20231212_2803483.htm
行政处罚决定书 厦门誉冠机动车服务有限公司,2023-12-01,./202312/t20231204_2801637.htm
责令改正违法行为决定书 厦门民兴工业有限公司,2023-11-28,./202311/t20231128_2800488.htm
责令改正违法行为决定书 厦门春昶工贸有限公司,2023-11-28,./202311/t20231128_2800485.htm
责令改正违法行为决定书 立讯远（厦门）环境科技有限公司,2023-11-28,./202311/t20231128_2800484.htm
责令改正违法行为决定书 福建象屿壳牌石油有限责任公司厦门同安银湖中路加油站,2023-11-24,./202311/t20231124_2800043.htm
行政处罚决定书 厦门鉴科检测技术有限公司,2023-11-24,./202311/t20231124_2800039.htm
责令改正违法行为决定书 福建格瑞恩工程设计有限公司,2023-11-24,./202401/t20240116_2810387.htm
责令改正违法行为决定书 厦门市鑫融顺机动车检测有限公司,2023-11-17,./202311/t20231117_2798676.htm
不予行政处罚决定书 厦门春昶工贸有限公司,2023-11-16,./202311/t20231116_2798347.htm
不予行政处罚决定书 厦门福成兴工贸有限公司灌口分厂,2023-11-16,./202311/t20231116_2798343.htm
行政处罚决定书 福建锦辉建设工程有限公司,2023-11-15,./202311/t20231115_2798158.htm
行政处罚决定书 厦门昇扬包装材料有限公司,2023-11-15,./202311/t20231115_2798155.htm
不予行政处罚决定书 厦门宝晟鑫电子科技有限公司,2023-11-14,./202311/t20231114_2797877.htm
不予行政处罚决定书 厦门欣鑫瑞金属表面处理有限公司,2023-11-14,./202311/t20231114_2797876.htm
不予行政处罚决定书 厦门亿汇明实业有限公司,2023-11-14,./202311/t20231114_2797875.htm
不予行政处罚决定书 厦门市搏金工贸有限公司,2023-11-14,./202311/t20231114_2797874.htm
不予行政处罚决定书 厦门精嘉表面处理有限公司,2023-11-14,./202311/t20231114_2797873.htm
不予行政处罚决定书 厦门市金美达金属表面处理有限公司,2023-11-14,./202311/t20231114_2797871.htm
不予行政处罚决定书 厦门利晟达电镀有限公司,2023-11-14,./202311/t20231114_2797869.htm
不予行政处罚决定书 厦门安迪服饰有限公司灌口电镀厂,2023-11-08,./202311/t20231108_2796941.htm
行政处罚决定书 厦门蓝海环科仪器有限公司,2023-11-07,./202311/t20231107_2796641.htm
责令改正违法行为决定书 洪塘头刘山破碎场,2023-11-07,./202311/t20231107_2796639.htm
行政处罚决定书 先锋（厦门）电镀开发有限公司,2023-11-07,./202311/t20231107_2796638.htm
责令改正违法行为决定书 中石化森美（福建）石油有限公司厦门马青加油站,2023-11-07,./202311/t20231107_2796633.htm
不予行政处罚决定书 厦门竞高电镀有限公司,2023-11-06,./202311/t20231106_2796412.htm
责令改正违法行为决定书 厦门誉冠机动车服务有限公司,2023-11-03,./202311/t20231103_2795987.htm
责令改正违法行为决定书 厦门鑫新翔节能科技有限公司,2023-11-02,./202311/t20231102_2795925.htm
行政处罚决定书 厦门晶新辉贸易有限公司,2023-11-02,./202311/t20231102_2795924.htm
行政处罚决定书 厦门千锋环境科技有限公司,2023-10-25,./202310/t20231025_2794183.htm
责令改正违法行为决定书 厦门昇扬包装材料有限公司,2023-10-25,./202310/t20231025_2794182.htm
责令改正违法行为决定书 厦门鉴科检测技术有限公司,2023-10-20,./202310/t20231020_2793407.htm
责令改正违法行为决定书 厦门晶新辉贸易有限公司,2023-10-20,./202310/t20231020_2793405.htm
行政处罚决定书 博慧检测技术（厦门）有限公司,2023-10-20,./202310/t20231020_2793404.htm
责令改正违法行为决定书 厦门安迪服饰有限公司灌口电镀厂,2023-10-13,./202310/t20231013_2791498.htm
行政处罚决定书 先锋（厦门）电镀开发有限公司,2023-10-12,./202310/t20231012_2791249.htm
行政处罚决定书 厦门实牧科技有限公司,2023-10-08,./202310/t20231016_2792242.htm
责令改正违法行为决定书 厦门市搏金工贸有限公司,2023-09-25,./202310/t20231007_2790025.htm
责令改正违法行为决定书 厦门精嘉表面处理有限公司,2023-09-21,./202309/t20230921_2787737.htm
责令改正违法行为决定书 厦门春昶工贸有限公司,2023-09-21,./202309/t20230921_2787734.htm
责令改正违法行为决定书 厦门亿汇明实业有限公司,2023-09-19,./202309/t20230919_2787296.htm
行政处罚决定书 厦门世洁股份有限公司,2023-09-19,./202309/t20230919_2787289.htm
责令改正违法行为决定书 厦门福成兴工贸有限公司灌口分厂,2023-09-19,./202309/t20230919_2787285.htm
责令改正违法行为决定书 厦门宝晟鑫电子科技有限公司,2023-09-19,./202309/t20230919_2787283.htm
责令改正违法行为决定 厦门利晟达电镀有限公司,2023-09-19,./202309/t20230919_2787282.htm
责令改正违法行为决定书 厦门欣鑫瑞金属表面处理有限公司,2023-09-19,./202309/t20230919_2787281.htm
责令改正违法行为决定书 厦门市金美达金属表面处理有限公司,2023-09-19,./202309/t20230919_2787280.htm
责令改正违法行为决定书 厦门世洁股份有限公司,2023-09-19,./202309/t20230919_2787199.htm
责令改正违法行为决定书 厦门蓝海环科仪器有限公司,2023-09-19,./202309/t20230919_2787197.htm
责令改正违法行为决定书 厦门实牧科技有限公司,2023-09-13,./202309/t20230922_2788003.htm
责令改正违法行为决定书 先锋（厦门）电镀开发有限公司,2023-09-13,./202309/t20230913_2785832.htm
责令改正违法行为决定书 福建锦辉建设工程有限公司,2023-09-13,./202309/t20230913_2785831.htm
责令改正违法行为决定书 厦门千锋环境科技有限公司,2023-09-13,./202309/t20230913_2785830.htm
责令改正违法行为决定书 厦门市金美达金属表面处理有限公司,2023-09-12,./202309/t20230912_2785517.htm
行政处罚决定书 厦门实牧科技有限公司,2023-09-12,./202309/t20230912_2785464.htm
责令改正违法行为决定书 厦门竞高电镀有限公司,2023-09-11,./202310/t20231011_2791113.htm
行政处罚决定书 龙岩浩润吉公路工程有限公司,2023-09-06,./202309/t20230906_2784640.htm
行政处罚决定书 厦门核乐新型建材有限公司,2023-09-01,./202309/t20230901_2783957.htm
行政处罚决定书 弘冠亿（厦门）电子科技有限公司,2023-09-01,./202309/t20230901_2783910.htm
责令改正违法行为决定书 厦门实牧科技有限公司,2023-08-25,./202308/t20230825_2782295.htm
责令改正违法行为决定书 弘冠亿（厦门）电子科技有限公司,2023-08-23,./202312/t20231225_2805991.htm
行政处罚决定书 厦门金富莱电子科技有限公司,2023-08-18,./202308/t20230818_2781095.htm
责令改正违法行为决定书 厦门核乐新型建材有限公司,2023-08-15,./202308/t20230815_2780551.htm
责令改正违法行为决定书 龙岩浩润吉公路工程有限公司,2023-08-15,./202308/t20230815_2780549.htm
行政处罚决定书 厦门申达塑料彩印包装有限公司,2023-08-15,./202308/t20230815_2780548.htm
责令改正违法行为决定书 先锋（厦门）电镀开发有限公司,2023-08-04,./202308/t20230804_2778603.htm
行政处罚决定书 厦门科仪检测技术有限公司,2023-07-24,./202307/t20230724_2775976.htm
责令改正违法行为决定书 博慧检测技术（厦门）有限公司,2023-07-19,./202307/t20230719_2775056.htm
行政处罚决定书 厦门钇胜鑫工贸有限公司,2023-07-10,./202307/t20230710_2773225.htm
行政处罚决定书 厦门钇胜鑫工贸有限公司,2023-07-06,./202307/t20230706_2772670.htm
责令改正违法行为决定书 厦门金富莱电子科技有限公司,2023-06-21,./202306/t20230621_2769598.htm
责令改正违法行为决定书 厦门世洁股份有限公司,2023-06-16,./202306/t20230616_2768582.htm
不予行政处罚决定书 厦门资生环保科技有限公司,2023-06-08,./202306/t20230608_2766817.htm
责令改正违法行为决定书 厦门申达塑料彩印包装有限公司,2023-05-29,./202305/t20230529_2761530.htm
责令改正违法行为决定书 厦门科仪检测技术有限公司,2023-05-25,./202305/t20230525_2760979.htm
行政处罚决定书 厦门市东渡鑫飞翔机动车检测有限公司,2023-05-24,./202305/t20230524_2760880.htm
行政处罚决定书 厦门青山进水工贸有限公司,2023-05-24,./202305/t20230524_2760865.htm
行政处罚（失信记分）决定书 湖北江品鑫环保技术有限公司,2023-05-24,./202305/t20230524_2760646.htm
厦门钇胜鑫工贸有限公司责令改正违法行为决定书,2023-05-23,./202305/t20230523_2760416.htm
责令改正违法行为决定书 湖北江品鑫环保技术有限公司,2023-05-08,./202305/t20230508_2757501.htm
厦门青山进水工贸有限公司责令改正违法行为决定书,2023-04-24,./202305/t20230505_2756997.htm
闽厦环(机)罚决〔2023〕15曾木龙,2023-04-17,./202304/t20230417_2753781.htm
厦门资生环保科技有限公司责令改正违法行为决定书,2023-04-12,./202304/t20230412_2753032.htm
厦门市东渡鑫飞翔机动车检测有限公司责令改正违法行为决定书,2023-03-30,./202303/t20230330_2731190.htm
厦门闽盛交通服务有限公司行政处罚决定书,2023-03-30,./202303/t20230330_2731187.htm
厦门闽盛交通服务有限公司责令改正违法行为决定书,2023-02-14,./202302/t20230214_2719359.htm
厦门成联五金制造有限公司行政处罚决定书,2023-02-08,./202302/t20230208_2718251.htm
厦门益斯麦食品有限公司行政处罚决定书,2023-01-13,./202301/t20230113_2714748.htm
厦门鑫世伟精密模具有限公司行政处罚决定书,2023-01-13,./202301/t20230113_2714747.htm
厦门捷发医疗用品有限公司行政处罚决定书,2023-01-11,./202301/t20230111_2714212.htm
厦门捷发医疗用品有限公司行政处罚决定书,2023-01-11,./202301/t20230111_2714207.htm
厦门鑫世伟精密模具有限公司责令改正违法行为决定书,2022-11-24,./202211/t20221124_2704751.htm
厦门捷发医疗用品有限公司责令改正违法行为决定书,2022-11-18,./202211/t20221118_2703142.htm
厦门聚洲机动车检测有限公司行政处罚决定书,2022-11-18,./202211/t20221118_2703140.htm
厦门宏屹包装有限公司行政处罚决定书,2022-11-18,./202211/t20221118_2703139.htm
厦门成联五金制造有限公司责令改正违法行为决定书,2022-11-14,./202211/t20221114_2701780.htm
厦门捷发医疗用品有限公司责令改正违法行为决定书,2022-11-08,./202211/t20221108_2700588.htm
厦门益斯麦食品有限公司责令改正违法行为决定书,2022-11-03,./202211/t20221103_2699789.htm
厦门宏屹包装有限公司责令改正违法行为决定书,2022-10-26,./202210/t20221026_2697309.htm
厦门钟利机动车检测有限公司行政处罚决定书 闽厦环罚〔2022〕304号,2022-10-19,./202210/t20221019_2695558.htm
闽厦环(机)罚决〔2022〕W8号 赖顺金,2022-10-07,./202210/t20221007_2692343.htm
福州夏禹市政工程有限公司行政处罚决定书 闽厦环罚〔2022〕278号,2022-09-29,./202209/t20220929_2691704.htm
厦门市同利源电气设备有限公司行政处罚决定书 闽厦环罚〔2022〕268号,2022-09-22,./202209/t20220922_2690116.htm
弘冠亿（厦门）电子科技有限公司行政处罚决定书 闽厦环罚〔2022〕269号,2022-09-22,./202209/t20220922_2690110.htm
厦门聚洲机动车检测有限公司责令改正违法行为决定书  闽厦（执法）环改〔2022〕31号,2022-09-20,./202209/t20220920_2689189.htm
厦门盛仓机动车检测有限公司行政处罚决定书 闽厦环罚〔2022〕236号,2022-09-15,./202209/t20220915_2687364.htm
厦门市坤利通机动车检测有限公司行政处罚决定书  闽厦环罚〔2022〕237号,2022-09-15,./202209/t20220915_2687350.htm
厦门钟利机动车检测有限公司责令改正违法行为决定书  闽厦（执法）环改〔2022〕30号,2022-09-06,./202209/t20220906_2685743.htm
厦门金汇聚废旧物资回收有限公司行政处罚决定书 闽厦环罚〔2022〕200号,2022-09-05,./202209/t20220906_2685747.htm
厦门市坤利通机动车检测有限公司责令改正违法行为决定书  闽厦（执法）环改〔2022〕28号,2022-08-29,./202208/t20220829_2683899.htm
厦门盛仓机动车检测有限公司责令改正违法行为决定书  闽厦（执法）环改〔2022〕27号,2022-08-29,./202208/t20220829_2683897.htm
闽厦环(机)罚决〔2022〕77章志斌,2022-08-23,./202208/t20220823_2682825.htm
闽厦环(机)罚决〔2022〕67厦门市小羽佳服务有限公司,2022-08-23,./202208/t20220823_2682822.htm
厦门市海达日用品有限公司责令改正违法行为决定书  闽厦（执法）环改〔2022〕29号,2022-08-22,./202208/t20220822_2682624.htm
厦门三荣陶瓷开发有限公司责令改正违法行为决定书  闽厦（执法）环改〔2022〕25号,2022-08-12,./202208/t20220812_2681168.htm
厦门鸿达农牧开发有限公司行政处罚决定书 闽厦环罚〔2022〕183号,2022-08-12,./202208/t20220812_2681122.htm
弘冠亿（厦门）电子科技有限公司责令改正违法行为决定书  闽厦（执法）环改〔2022〕26号,2022-08-12,./202208/t20220812_2681167.htm
厦门市同利源电气设备有限公司责令改正违法行为决定书  闽厦（执法）环改〔2022〕24号,2022-08-12,./202208/t20220812_2681104.htm
春保森拉天时精密钨钢制品（厦门）有限公司责令改正违法行为决定书  闽厦（执法）环改〔2022〕22号,2022-08-12,./202208/t20220812_2681070.htm
厦门益祥通机动车检测有限公司行政处罚决定书   闽厦环罚〔2022〕141号,2022-08-05,./202208/t20220808_2679824.htm
厦门同安车安机动车安全检测有限公司行政处罚决定书,2022-07-26,./202210/t20221024_2696653.htm
厦门市壹佰棵星建材有限公司责令改正违法行为决定书,2022-07-26,./202303/t20230321_2726138.htm
厦门鑫长隆机动车检测有限公司行政处罚决定书 闽厦环罚〔2022〕140号,2022-07-25,./202207/t20220725_2676225.htm
厦门市骏顺安机动车检测有限公司行政处罚决定书  闽厦环罚〔2022〕139号,2022-07-18,./202207/t20220725_2676227.htm
厦门鸿达农牧开发有限公司责令改正违法行为决定书  闽厦（执法）环改〔2022〕18号,2022-07-11,./202208/t20220808_2679817.htm
厦门益祥通机动车检测有限公司责令改正违法行为决定书 闽厦（执法）环改〔2022〕14号,2022-07-01,./202207/t20220701_2671166.htm
厦门鑫长隆机动车检测有限公司责令改正违法行为决定书  闽厦（执法）环改〔2022〕13号,2022-07-01,./202207/t20220701_2671165.htm
厦门市骏顺安机动车检测有限公司责令改正违法行为决定书  闽厦（执法）环改〔2022〕12号,2022-07-01,./202207/t20220701_2671163.htm
厦门同安车安机动车安全检测有限公司责令改正违法行为决定书  闽厦（执法）环改〔2022〕15号,2022-07-01,./202207/t20220701_2671162.htm
厦门金汇聚废旧物资回收有限公司责令改正违法行为决定书  闽厦（执法）环改〔2022〕11号,2022-06-10,./202206/t20220610_2666678.htm
中联环股份有限公司不予行政处罚决定书  厦环（执法）不罚决字〔2022〕1号,2022-05-16,./202205/t20220516_2661431.htm
厦门华铃纺织有限公司行政处罚决定书  闽厦环罚〔2022〕80号,2022-04-29,./202205/t20220505_2659170.htm
厦门金汇聚废旧物资回收有限公司行政处罚决定书 闽厦环罚〔2022〕72号,2022-04-24,./202204/t20220424_2657389.htm
福州夏禹市政工程有限公司责令改正违法行为决定书  闽厦（执法）环改〔2022〕10号,2022-04-20,./202204/t20220420_2656791.htm
厦门森美家工贸有限公司行政处罚决定书,2022-04-18,./202211/t20221103_2699817.htm
福州夏禹市政工程有限公司解除扣押决定书,2022-04-15,./202210/t20221026_2697308.htm
厦门嘉烨兴农业科技有限公司行政处罚决定书  闽厦环罚〔2022〕66号,2022-04-14,./202204/t20220414_2654465.htm
福致（厦门）体育科技有限公司行政处罚决定书  闽厦环罚〔2022〕64号,2022-04-14,./202204/t20220414_2654464.htm
厦门丰泰国际新能源汽车有限公司行政处罚决定书 闽厦环罚〔2022〕65号,2022-04-14,./202204/t20220414_2654357.htm
厦门华铃纺织有限公司责令改正违法行为决定书 闽厦（执法）环改〔2022〕9号,2022-04-13,./202205/t20220513_2661073.htm
福州夏禹市政工程有限公司扣押决定书 闽厦环查（扣）〔2022〕3号,2022-04-12,./202204/t20220412_2653875.htm
厦门金汇聚废旧物资回收有限公司责令改正违法行为决定书 闽厦（执法）环改〔2022〕7号,2022-04-11,./202204/t20220411_2653615.htm
厦门丰泰国际新能源汽车有限公司责令改正违法行为决定书 闽厦（执法）环改〔2022〕8号,2022-03-28,./202204/t20220411_2653614.htm
中联环股份有限公司责令改正违法行为决定书  闽厦（执法）环改〔2022〕6号,2022-02-25,./202203/t20220301_2631510.htm
不予行政处罚决定书 厦门日上金属有限公司,2022-02-24,./202305/t20230526_2761320.htm
厦门森美家工贸有限公司责令改正违法行为决定书 闽厦（执法）环改〔2022〕5号,2022-01-28,./202202/t20220222_2627323.htm
厦门文仪电脑材料有限公司责令改正违法行为决定书 闽厦（执法）环改〔2022〕1号,2022-01-10,./202201/t20220110_2616014.htm
责令改正违法行为决定书 厦门日上金属有限公司,2022-01-05,./202305/t20230526_2761318.htm
厦门恒兴兴业机械有限公司行政处罚决定书 闽厦环罚〔2021〕363号,2021-12-31,./202201/t20220110_2616044.htm
厦门海湾化工有限公司行政处罚决定书  闽厦环罚〔2021〕345号,2021-12-15,./202112/t20211215_2608718.htm
厦门海湾化工有限公司行政处罚决定书 闽厦环罚〔2021〕344号,2021-12-15,./202112/t20211215_2608715.htm
厦门三荣陶瓷开发有限公司不予行政处罚决定书  厦环（执法）不罚决字[2021]1号,2021-12-10,./202112/t20211215_2608668.htm
厦门全嘉福食品有限公司不予行政处罚决定书  厦环（执法）不罚决字[2021]2号,2021-12-10,./202112/t20211215_2608661.htm
厦门昇扬包装材料有限公司行政处罚决定书  闽厦环罚〔2021〕340号,2021-12-10,./202112/t20211215_2608653.htm
厦门昇扬包装材料有限公司行政处罚决定书  闽厦环罚〔2021〕339号,2021-12-10,./202112/t20211215_2608650.htm
厦门昇扬包装材料有限公司行政处罚决定书 闽厦环罚〔2021〕341号,2021-12-10,./202112/t20211215_2608643.htm
厦门海湾化工有限公司责令改正违法行为决定书 闽厦（执法）环改〔2021〕53号,2021-12-02,./202112/t20211202_2604908.htm
厦门海湾化工有限公司责令改正违法行为决定书 闽厦（执法）环改〔2021〕52号,2021-12-02,./202112/t20211202_2604901.htm
厦门市集美区精兴达科技有限公司责令改正违法行为决定书 闽厦（执法）环改〔2021〕56号,2021-11-30,./202111/t20211130_2604352.htm
吴麦生（厦门市集美区鑫中天建材加工厂负责人）责令改正违法行为决定书,2021-11-30,./202111/t20211130_2604230.htm
厦门昇扬包装材料有限公司责令改正违法行为决定书 闽厦（执法）环改〔2021〕60号,2021-11-29,./202111/t20211129_2603957.htm
厦门昇扬包装材料有限公司责令改正违法行为决定书 闽厦（执法）环改〔2021〕59号,2021-11-29,./202111/t20211129_2603951.htm
厦门昇扬包装材料有限公司责令改正违法行为决定书 闽厦（执法）环改〔2021〕58号,2021-11-29,./202111/t20211129_2603948.htm
厦门兴向阳工贸有限公司行政处罚决定书 闽厦环罚〔2021〕315号,2021-11-29,./202111/t20211129_2603941.htm
张海兵行政处罚决定书闽厦环罚〔2021〕324号,2021-11-26,./202112/t20211216_2609082.htm
厦门鑫鸿丰五金制品有限公司行政处罚决定书 闽厦环罚〔2021〕307号,2021-11-17,./202111/t20211117_2599659.htm
厦门富士电气化学有限公司行政处罚决定书闽厦环罚〔2021〕306号,2021-11-12,./202111/t20211122_2602478.htm
厦门富士电气化学有限公司行政处罚决定书闽厦环罚〔2021〕305号,2021-11-12,./202111/t20211122_2602470.htm
厦门三荣陶瓷开发有限公司行政处罚决定书 闽厦环罚〔2021〕299号,2021-11-12,./202111/t20211112_2598719.htm
张海兵责令改正违法行为决定书闽厦（湖）环改[2021]4号,2021-11-08,./202112/t20211216_2609059.htm
厦门民兴工业有限公司行政处罚决定书 闽厦环罚〔2021〕295号,2021-11-08,./202111/t20211108_2596917.htm
厦门恒兴兴业机械有限公司责令改正违法行为决定书 闽厦（执法）环改〔2021〕47号,2021-11-08,./202111/t20211108_2596904.htm
厦门欣建雅工业有限公司行政处罚决定书  闽厦环罚〔2021〕294号,2021-11-05,./202111/t20211108_2596914.htm
厦门兴向阳工贸有限公司责令改正违法行为决定书 闽厦（执法）环改〔2021〕45号,2021-11-05,./202111/t20211108_2596908.htm
厦门宽橙工贸有限公司责令改正违法行为决定书 闽厦（执法）环改〔2021〕54号,2021-10-29,./202110/t20211029_2594982.htm
厦门三合源液压设备有限公司责令改正违法行为决定书 闽厦（执法）环改〔2021〕50号,2021-10-29,./202110/t20211029_2594973.htm
厦门侃雅智能科技有限公司责令改正违法行为决定书,2021-10-28,./202111/t20211102_2595623.htm
厦门侃雅智能科技有限公司行政处罚决定书,2021-10-28,./202111/t20211102_2595617.htm
厦门侃雅智能科技有限公司责令改正违法行为决定书,2021-10-28,./202111/t20211102_2595612.htm
厦门侃雅智能科技有限公司行政处罚决定书,2021-10-28,./202111/t20211102_2595610.htm
厦门利顺达汽车服务有限公司行政处罚决定书闽厦环罚〔2021〕278号,2021-10-12,./202110/t20211014_2591101.htm
厦门富士电气化学有限公司责令改正违法行为决定书闽厦（湖）环改[2021]16号,2021-10-11,./202111/t20211122_2602466.htm
厦门富士电气化学有限公司责令改正违法行为决定书闽厦（湖）环改[2021]15号,2021-10-11,./202111/t20211122_2602464.htm
厦门机械师汽车服务有限公司行政处罚决定书闽厦环罚〔2021〕280号,2021-10-11,./202110/t20211014_2591099.htm
厦门三荣陶瓷开发有限公司责令改正违法行为决定书 闽厦（执法）环改〔2021〕49号,2021-09-28,./202110/t20211012_2590181.htm
厦门三荣陶瓷开发有限公司责令改正违法行为决定书 闽厦（执法）环改〔2021〕48号,2021-09-28,./202110/t20211012_2590179.htm
厦门玮轩工贸有限公司责令改正违法行为决定书,2021-09-27,./202111/t20211124_2603107.htm
厦门玮轩工贸有限公司行政处罚决定书,2021-09-27,./202111/t20211124_2603104.htm
厦门玮轩工贸有限公司责令改正违法行为决定书,2021-09-27,./202111/t20211124_2603102.htm
厦门玮轩工贸有限公司行政处罚决定书,2021-09-27,./202111/t20211124_2603101.htm
厦门礼诚工艺品有限公司责令改正违法行为决定书,2021-09-26,./202111/t20211102_2595657.htm
厦门礼诚工艺品有限公司行政处罚决定书,2021-09-26,./202111/t20211102_2595653.htm
厦门圣源金属制造有限公司责令改正违法行为决定书,2021-09-26,./202111/t20211102_2595647.htm
厦门圣源金属制造有限公司行政处罚决定书,2021-09-26,./202111/t20211102_2595646.htm
厦门广弘祥机电设施有限公司责令改正违法行为决定书,2021-09-26,./202111/t20211102_2595643.htm
厦门广弘祥机电设施有限公司行政处罚决定书,2021-09-26,./202111/t20211102_2595640.htm
福建科荣家具有限公司责令改正违法行为决定书,2021-09-26,./202111/t20211102_2595608.htm
福建科荣家具有限公司行政处罚决定书,2021-09-26,./202111/t20211102_2595607.htm
合锋卫浴(厦门）有限公司责令改正违法行为决定书,2021-09-26,./202111/t20211102_2595605.htm
合锋卫浴(厦门）有限公司行政处罚决定书,2021-09-26,./202111/t20211102_2595604.htm
厦门兴宏山金属制品有限公司行政处罚决定书（闽厦环罚〔2021〕260号）,2021-09-22,./202109/t20210922_2586039.htm
厦门鑫鸿丰五金制品有限公司责令改正违法行为决定书 闽厦（执法）环改〔2021〕44号,2021-09-15,./202109/t20210915_2584813.htm
厦门鑫鸿丰五金制品有限公司责令改正违法行为决定书（闽厦（执法）环改〔2021〕43号）,2021-09-13,./202109/t20210922_2586040.htm
厦门民兴工业有限公司责令改正违法行为决定书 闽厦（执法）环改〔2021〕40号,2021-09-10,./202109/t20210910_2582088.htm
厦门市海沧医院行政处罚决定书(闽厦环罚〔2021〕252号),2021-09-09,./202109/t20210909_2581801.htm
厦门兴宏山金属制品有限公司责令改正违法行为决定书（闽厦（执法）环改〔2021〕46号）,2021-09-09,./202109/t20210909_2581650.htm
厦门华虹光学科技有限公司行政处罚决定书（闽厦环罚〔2021〕249号）,2021-09-03,./202109/t20210903_2580556.htm
厦门嘉宝莱化妆品有限公司行政处罚决定书（闽厦环罚〔2021〕247号）,2021-09-03,./202109/t20210903_2580553.htm
厦门机械师汽车服务有限公司责令改正违法行为决定书闽厦（湖）环改[2021]12号,2021-08-27,./202110/t20211014_2591098.htm
厦门利顺达汽车服务有限公司责令改正违法行为决定书闽厦（湖）环改[2021]11号,2021-08-26,./202110/t20211014_2591094.htm
东洲（厦门）纺织有限公司责令改正违法行为决定书,2021-08-25,./202108/t20210825_2576727.htm
东洲（厦门）纺织有限公司行政处罚决定书,2021-08-25,./202108/t20210825_2576724.htm
厦门宽橙工贸有限公司责令改正违法行为决定书,2021-08-25,./202108/t20210825_2576723.htm
厦门宽橙工贸有限公司行政处罚决定书,2021-08-25,./202108/t20210825_2576722.htm
厦门宽橙工贸有限公司责令改正违法行为决定书,2021-08-25,./202108/t20210825_2576719.htm
厦门宽橙工贸有限公司行政处罚决定书,2021-08-25,./202108/t20210825_2576718.htm
厦门奥泉橡胶有限公司行政处罚决定书（闽厦环罚〔2021〕238号）,2021-08-24,./202108/t20210824_2576478.htm
东洲（厦门）纺织有限公司责令改正违法行为决定书,2021-08-24,./202108/t20210824_2576435.htm
东洲（厦门）纺织有限公司行政处罚决定书,2021-08-24,./202108/t20210824_2576433.htm
厦门利德宝电子科技股份有限公司责令改正违法行为决定书,2021-08-24,./202108/t20210824_2576430.htm
厦门利德宝电子科技股份有限公司行政处罚决定书,2021-08-24,./202108/t20210824_2576425.htm
厦门金连兴橡胶有限公司责令改正违法行为决定书,2021-08-24,./202108/t20210824_2576424.htm
厦门金连兴橡胶有限公司行政处罚决定书,2021-08-24,./202108/t20210824_2576422.htm
厦门元保运动器材有限公司责令改正违法行为决定书,2021-08-24,./202108/t20210824_2576421.htm
厦门元保运动器材有限公司行政处罚决定书,2021-08-24,./202108/t20210824_2576419.htm
厦门金汇聚废旧物资回收有限公司责令改正违法行为决定书,2021-08-24,./202108/t20210824_2576415.htm
厦门金汇聚废旧物资回收有限公司行政处罚决定书,2021-08-24,./202108/t20210824_2576414.htm
厦门厦工机械股份有限公司责令改正违法行为决定书,2021-08-24,./202108/t20210824_2576411.htm
厦门厦工机械股份有限公司行政处罚决定书,2021-08-24,./202108/t20210824_2576410.htm
厦门子奋实业有限公司责令改正违法行为决定书,2021-08-24,./202108/t20210824_2576409.htm
厦门子奋实业有限公司行政处罚决定书,2021-08-24,./202108/t20210824_2576407.htm
迈牌（厦门）体育用品有限公司责令改正违法行为决定书,2021-08-24,./202108/t20210824_2576406.htm
迈牌（厦门）体育用品有限公司行政处罚决定书,2021-08-24,./202108/t20210824_2576403.htm
厦门一顺机械有限公司责令改正违法行为决定书,2021-08-24,./202108/t20210824_2576402.htm
厦门一顺机械有限公司行政处罚决定书,2021-08-24,./202108/t20210824_2576400.htm
厦门欣创机械有限公司责令改正违法行为决定书,2021-08-24,./202108/t20210824_2576399.htm
厦门欣创机械有限公司行政处罚决定书,2021-08-24,./202108/t20210824_2576398.htm
合锋卫浴(厦门）有限公司责令改正违法行为决定书,2021-08-24,./202108/t20210824_2576396.htm
合锋卫浴(厦门）有限公司行政处罚决定书,2021-08-24,./202108/t20210824_2576394.htm
厦门美林鑫电子有限公司行政处罚决定书闽厦环罚〔2021〕223号,2021-08-20,./202108/t20210820_2575808.htm
厦门百吉博尔特汽车配件有限公司行政处罚决定书（闽厦环罚〔2021〕212号）,2021-08-19,./202108/t20210819_2575494.htm
厦门华虹光学科技有限公司责令改正违法行为决定书 闽厦（执法）环改〔2021〕30号,2021-08-13,./202108/t20210813_2574266.htm
厦门市亿兴达塑胶有限公司责令限制生产决定书（闽厦环限〔2021〕1号））,2021-08-13,./202108/t20210813_2574261.htm
宝宸（厦门）光学科技有限公司责令改正违法行为决定书 闽厦（执法）环改〔2021〕38号,2021-08-10,./202108/t20210813_2574275.htm
厦门尚绿岛环保工程有限公司责令改正违法行为决定书（闽厦（执法）环改〔2021〕34号）,2021-08-04,./202108/t20210804_2572200.htm
厦门市海沧医院责令改正违法行为决定书（闽厦（执法）环改〔2021〕33号）,2021-08-04,./202108/t20210804_2572196.htm
厦门奥泉橡胶有限公司责令改正违法行为决定书（闽厦（执法）环改〔2021〕37号）,2021-08-04,./202108/t20210804_2572183.htm
厦门欣建雅工业有限公司责令改正违法行为决定书（闽厦（执法）环改〔2021〕35号）,2021-08-04,./202108/t20210804_2572168.htm
厦门市亿兴达塑胶有限公司责令改正违法行为决定书（闽厦（执法）环改〔2021〕36号）,2021-08-02,./202108/t20210804_2572176.htm
厦门真美达金属制品有限公司责令改正违法行为决定书,2021-07-29,./202107/t20210729_2570738.htm
厦门真美达金属制品有限公司责令改正违法行为决定书,2021-07-29,./202107/t20210729_2570736.htm
厦门真美达金属制品有限公司行政处罚决定书,2021-07-29,./202107/t20210729_2570737.htm
厦门真美达金属制品有限公司行政处罚决定书,2021-07-29,./202107/t20210729_2570735.htm
厦门金汇聚废旧物资回收有限公司行政处罚决定书（闽厦环罚〔2021〕186号）,2021-07-23,./202107/t20210723_2569011.htm
厦门中坤化学有限公司行政处罚决定书（闽厦环罚〔2021〕180号）,2021-07-23,./202107/t20210723_2569010.htm
厦门海翼泰成汽车服务有限公司行政处罚决定书闽厦环罚〔2021〕194号,2021-07-21,./202107/t20210729_2570819.htm
厦门精研自动化元件有限公司行政处罚决定书闽厦环罚〔2021〕195号,2021-07-21,./202107/t20210729_2570817.htm
厦门革新塑胶制品有限公司责令改正违法行为决定书,2021-07-20,./202107/t20210720_2567998.htm
厦门革新塑胶制品有限公司行政处罚决定书,2021-07-20,./202107/t20210720_2567997.htm
厦门革新金属制造有限公司责令改正违法行为决定书,2021-07-20,./202107/t20210720_2567996.htm
厦门革新金属制造有限公司行政处罚决定书,2021-07-20,./202107/t20210720_2567995.htm
厦门百吉博尔特汽车配件有限公司责令改正违法行为决定书  闽厦（执法）环改〔2021〕32号,2021-07-20,./202202/t20220222_2627327.htm
厦门美林鑫电子有限公司责令改正违法行为决定书闽厦（湖）环改[2021]14号,2021-07-12,./202108/t20210820_2575807.htm
厦门市同安兴浪纸业有限公司责令改正违法行为决定书（闽厦（执法）环改〔2021〕31号）,2021-07-09,./202107/t20210709_2565575.htm
厦门浩凯工贸有限公司行政处罚决定书（闽厦环罚〔2021〕125号）,2021-07-09,./202107/t20210709_2565573.htm
厦门旺墩冷冻仓储有限公司行政处罚决定书,2021-07-06,./202107/t20210706_2563769.htm
闽厦（执法）环改〔2021〕29号厦门嘉宝莱化妆品有限公司,2021-07-06,./202107/t20210706_2563758.htm
闽厦（执法）环改〔2021〕28号厦门中坤化学有限公司,2021-07-06,./202107/t20210706_2563757.htm
陈春荣行政处罚决定书闽厦环罚〔2021〕171号,2021-07-05,./202107/t20210706_2563792.htm
厦门精研自动化元件有限公司责令改正违法行为决定书闽厦（湖）环改[2021]13号,2021-07-05,./202107/t20210729_2570814.htm
厦门海翼泰成汽车服务有限公司责令改正违法行为决定书闽厦（湖）环改[2021]10号,2021-07-02,./202107/t20210729_2570813.htm
中建海峡建设发展有限公司行政处罚决定书闽厦环罚〔2021〕167号,2021-06-30,./202107/t20210729_2570810.htm
厦门华辰中茂建材有限公司责令改正违法行为决定书,2021-06-17,./202106/t20210617_2558684.htm
厦门华辰中茂建材有限公司行政处罚决定书,2021-06-17,./202106/t20210617_2558683.htm
厦门新创艺包装工业有限公司行政处罚决定书,2021-06-17,./202106/t20210617_2558590.htm
厦门新创艺包装工业有限公司责令改正违法行为决定书,2021-06-17,./202106/t20210617_2558592.htm
厦门新创艺包装工业有限公司责令改正违法行为决定书,2021-06-17,./202106/t20210617_2558589.htm
厦门新创艺包装工业有限公司行政处罚决定书,2021-06-17,./202106/t20210617_2558588.htm
厦门鑫华彩塑胶颜料有限公司行政处罚决定书闽厦环罚〔2021〕152号,2021-06-10,./202107/t20210701_2562419.htm
中建闽泰建设开发有限公司行政处罚决定书闽厦环罚〔2021〕154号,2021-06-10,./202107/t20210701_2562406.htm
厦门明日欣广告有限公司行政处罚决定书闽厦环罚〔2021〕151号,2021-06-10,./202107/t20210701_2562357.htm
厦门鑫达人模型设计有限公司行政处罚决定书闽厦环罚〔2021〕153号,2021-06-10,./202107/t20210702_2562565.htm
中建海峡建设发展有限公司责令改正违法行为决定书闽厦（湖）环改[2021]9号,2021-06-04,./202107/t20210729_2570808.htm
闽厦环罚〔2021〕147号 厦门飞鹏高科技铝业有限公司,2021-06-04,./202106/t20210610_2556922.htm
闽厦环罚〔2021〕146号 厦门飞鹏高科技铝业有限公司,2021-06-04,./202106/t20210610_2556920.htm
厦门宽橙工贸有限公司责令改正违法行为决定书,2021-06-03,./202106/t20210603_2555734.htm
厦门宽橙工贸有限公司责令改正违法行为决定书,2021-06-03,./202106/t20210603_2555735.htm
闽厦环罚〔2021〕137号 厦门市达峰船舶管理有限公司,2021-05-31,./202105/t20210531_2554756.htm
闽厦环罚〔2021〕138号 厦门新四海泛奥环保科技有限公司,2021-05-31,./202105/t20210531_2554752.htm
闽厦环罚〔2021〕135号 厦门州海船务有限公司,2021-05-31,./202105/t20210531_2554753.htm
闽厦（执法）环改〔2021〕27号 厦门金汇聚废旧物资回收有限公司,2021-05-31,./202105/t20210531_2554751.htm
扶礼兵责令改正违法行为决定书,2021-05-24,./202105/t20210524_2546938.htm
扶礼兵行政处罚决定书,2021-05-24,./202105/t20210524_2546936.htm
厦门宽橙工贸有限公司行政处罚决定书,2021-05-24,./202105/t20210524_2546935.htm
厦门宽橙工贸有限公司行政处罚决定书,2021-05-24,./202105/t20210524_2546933.htm
厦门夜视亮反光材料有限公司行政处罚决定书,2021-05-21,./202105/t20210521_2545891.htm
黄少文责令改正违法行为决定书,2021-05-21,./202105/t20210521_2545889.htm
厦门夜视亮反光材料有限公司责令改正违法行为决定书,2021-05-21,./202106/t20210603_2555709.htm
黄少文行政处罚决定书,2021-05-21,./202105/t20210521_2545888.htm
闽厦环罚〔2021〕86号 厦门悠来斯球业有限公司,2021-05-19,./202105/t20210519_2545121.htm
厦门鹭金石偏光科技有限公司责令改正违法行为决定书,2021-05-18,./202105/t20210518_2544617.htm
厦门鹭金石偏光科技有限公司行政处罚决定书,2021-05-18,./202105/t20210518_2544615.htm
厦门捷视光学有限公司责令改正违法行为决定书,2021-05-18,./202105/t20210518_2544613.htm
厦门捷视光学有限公司行政处罚决定书,2021-05-18,./202105/t20210518_2544611.htm
闽厦（执法）环改〔2021〕23号 厦门旺墩冷冻仓储有限公司,2021-05-14,./202105/t20210514_2543904.htm
闽厦（执法）环改〔2021〕22号 厦门旺墩冷冻仓储有限公司,2021-05-14,./202105/t20210514_2543898.htm
闽厦（执法）环改〔2021〕11号 厦门市土地发展中心,2021-05-13,./202105/t20210513_2543572.htm
闽厦（执法）环改〔2021〕21号 厦门飞鹏高科技铝业有限公司,2021-05-12,./202105/t20210512_2543223.htm
闽厦（执法）环改〔2021〕19号 厦门飞鹏高科技铝业有限公司,2021-05-12,./202105/t20210512_2543220.htm
闽厦（执法）环改〔2021〕18号 厦门飞鹏高科技铝业有限公司,2021-05-12,./202105/t20210512_2543219.htm
闽厦（执法）环改〔2021〕25号 厦门市达峰船舶管理有限公司,2021-05-12,./202105/t20210512_2543215.htm
闽厦（执法）环改〔2021〕26号 厦门新四海泛奥环保科技有限公司,2021-05-12,./202105/t20210512_2543217.htm
闽厦（执法）环改〔2021〕24号 厦门州海船务有限公司,2021-05-12,./202105/t20210512_2543211.htm
闽厦（执法）环改〔2021〕20号 厦门连科工业有限公司,2021-05-11,./202105/t20210511_2542931.htm
厦门明日欣广告有限公司责令改正违法行为决定书闽厦（湖）环改[2021]1号,2021-05-07,./202105/t20210518_2544731.htm
厦门鑫达人模型设计有限公司责令改正违法行为决定书闽厦（湖）环改[2021]6号,2021-05-06,./202105/t20210518_2544730.htm
厦门进翔电子工业有限公司行政处罚决定书,2021-05-06,./202105/t20210506_2541664.htm
厦门进翔电子工业有限公司责令改正违法行为决定书,2021-05-06,./202105/t20210506_2541662.htm
闽厦（执法）环改〔2021〕17 号 厦门汇燊益工贸有限公司,2021-05-06,./202105/t20210506_2541552.htm
中建闽泰建设开发有限公司责令改正违法行为决定书闽厦（湖）环改[2021]7号,2021-04-30,./202105/t20210518_2544729.htm
厦门鑫华彩塑胶颜料有限公司责令改正违法行为决定书闽厦（湖）环改[2021]5号,2021-04-30,./202105/t20210518_2544728.htm
陈春荣责令改正违法行为决定书闽厦（湖）环改[2021]8号,2021-04-30,./202105/t20210518_2544727.htm
闽厦环罚〔2021〕99号 厦门通海船务有限公司,2021-04-29,./202104/t20210429_2540544.htm
闽厦环罚〔2021〕93号 厦门瑞丰制面有限公司,2021-04-21,./202104/t20210421_2537874.htm
厦门浩仁塑胶制品有限公司责令改正违法行为决定书,2021-04-20,./202104/t20210420_2537493.htm
厦门浩仁塑胶制品有限公司行政处罚决定书,2021-04-20,./202104/t20210420_2537494.htm
黄少文责令改正违法行为决定书,2021-04-15,./202104/t20210420_2537281.htm
黄少文行政处罚决定书,2021-04-15,./202104/t20210420_2537280.htm
张天送责令改正违法行为决定书,2021-04-14,./202104/t20210414_2533616.htm
张天送责令改正违法行为决定书,2021-04-14,./202104/t20210414_2533605.htm
张天送行政处罚决定书,2021-04-14,./202104/t20210414_2533609.htm
张天送行政处罚决定书,2021-04-14,./202104/t20210414_2533600.htm
闽厦（执法）环改〔2021〕14号 厦门通海船务有限公司,2021-04-13,./202104/t20210413_2533349.htm
厦门源龙彩服饰有限公司行政处罚决定书,2021-04-08,./202104/t20210408_2531147.htm
厦门源龙彩服饰有限公司责令改正违法行为决定书,2021-04-08,./202104/t20210408_2531150.htm
厦门源龙彩服饰有限公司责令改正违法行为决定书,2021-04-08,./202104/t20210408_2531146.htm
厦门源龙彩服饰有限公司行政处罚决定书,2021-04-08,./202104/t20210408_2531144.htm
厦门中兴元实业有限公司行政处罚决定书,2021-03-24,./202103/t20210324_2526891.htm
厦门中兴元实业有限公司责令改正违法行为决定书,2021-03-24,./202103/t20210324_2526892.htm
闽厦（执法）环改〔2021〕13号 厦门浩凯工贸有限公司责令改正违法行为决定书,2021-03-19,./202104/t20210420_2537273.htm
闽厦环罚〔2021〕15号 辑美包装印刷科技（厦门）有限公司,2021-03-12,./202103/t20210315_2524420.htm
厦门市德平源服饰厂行政处罚决定书,2021-03-12,./202103/t20210312_2524140.htm
厦门市德平源服饰厂责令改正违法行为决定书,2021-03-11,./202103/t20210312_2524142.htm
闽厦环罚〔2021〕72号 明达实业（厦门）有限公司,2021-03-10,./202103/t20210310_2523580.htm
闽厦环罚〔2021〕52号 南亚塑胶工业（厦门）有限公司,2021-03-10,./202103/t20210311_2523815.htm
厦门市佳利多橡塑有限公司行政处罚决定书,2021-03-09,./202103/t20210309_2523385.htm
厦门市佳利多橡塑有限公司责令改正违法行为决定书,2021-03-09,./202103/t20210309_2523387.htm
季春斌责令改正违法行为决定书,2021-03-05,./202103/t20210305_2522772.htm
季春斌行政处罚决定书,2021-03-05,./202103/t20210305_2522770.htm
厦门市竹天精密科技有限公司行政处罚决定书,2021-03-05,./202103/t20210305_2522768.htm
厦门市竹天精密科技有限公司责令改正违法行为决定书,2021-03-05,./202103/t20210305_2522769.htm
厦门市竹天精密科技有限公司责令改正违法行为决定书,2021-03-05,./202103/t20210305_2522767.htm
厦门市竹天精密科技有限公司行政处罚决定书,2021-03-05,./202103/t20210305_2522766.htm
闽厦环罚〔2021〕57号 厦门敦海艺品有限公司,2021-03-04,./202103/t20210304_2522369.htm
闽厦环罚〔2021〕56号 联盛（厦门）彩印有限公司,2021-03-04,./202103/t20210304_2522371.htm
闽厦（执法）环改〔2021〕12号 厦门欣建雅工业有限公司,2021-03-04,./202103/t20210304_2522368.htm
厦门汇千泰工贸有限公司责令改正违法行为决定书,2021-03-01,./202103/t20210302_2521821.htm
厦门汇千泰工贸有限公司行政处罚决定书,2021-03-01,./202103/t20210302_2521820.htm
厦门创亮电子有限公司行政处罚决定书,2021-02-26,./202103/t20210302_2521815.htm
厦门创亮电子有限公司责令改正违法行为决定书,2021-02-26,./202103/t20210302_2521816.htm
厦门市睿兴晟工贸有限公司责令改正违法行为决定书,2021-02-26,./202103/t20210302_2521812.htm
厦门市睿兴晟工贸有限公司行政处罚决定书,2021-02-26,./202103/t20210302_2521808.htm
厦门康美净洗涤有限公司责令改正违法行为决定书,2021-02-09,./202102/t20210209_2518797.htm
厦门康美净洗涤有限公司行政处罚决定书,2021-02-09,./202102/t20210209_2518796.htm
林婷婷责令改正违法行为决定书,2021-02-07,./202102/t20210207_2518294.htm
林婷婷责令改正违法行为决定书,2021-02-07,./202102/t20210207_2518291.htm
林婷婷行政处罚决定书,2021-02-07,./202102/t20210207_2518293.htm
厦门欣远博模型科技有限公司责令改正违法行为决定书,2021-02-07,./202102/t20210207_2518287.htm
林婷婷行政处罚决定书,2021-02-07,./202102/t20210207_2518290.htm
厦门欣远博模型科技有限公司行政处罚决定书,2021-02-05,./202102/t20210207_2518285.htm
闽厦（执法）环改〔2021〕10号 南亚塑胶工业（厦门）有限公司,2021-02-05,./202103/t20210311_2523816.htm
林金伟责令改正违法行为决定书,2021-02-04,./202102/t20210204_2517713.htm
林金伟行政处罚决定书,2021-02-04,./202102/t20210204_2517712.htm
汇捷特（厦门）实业有限公司责令改正违法行为决定书,2021-02-04,./202102/t20210204_2517703.htm
厦门隆霖塑胶科技有限公司集美分公司行政处罚决定书,2021-02-04,./202102/t20210204_2517700.htm
厦门隆霖塑胶科技有限公司集美分公司责令改正违法行为决定书,2021-02-04,./202102/t20210204_2517701.htm
汇捷特（厦门）实业有限公司行政处罚决定书,2021-02-04,./202102/t20210204_2517702.htm
厦门市越丰密封件有限公司责令改正违法行为决定书,2021-02-04,./202102/t20210204_2517699.htm
厦门市越丰密封件有限公司行政处罚决定书,2021-02-04,./202102/t20210204_2517697.htm
厦门市富美森木业有限公司行政处罚决定书,2021-02-04,./202102/t20210204_2517690.htm
厦门市富美森木业有限公司责令改正违法行为决定书,2021-02-04,./202102/t20210204_2517696.htm
厦门市富美森木业有限公司行政处罚决定书,2021-02-04,./202102/t20210204_2517684.htm
厦门市富美森木业有限公司责令改正违法行为决定书,2021-02-04,./202102/t20210204_2517686.htm
闽厦（执法）环改〔2021〕6号 东洲（厦门）纺织有限公司,2021-02-04,./202102/t20210204_2517634.htm
闽厦（执法）环改〔2021〕8号 厦门正新实业有限公司,2021-02-02,./202102/t20210202_2516872.htm
闽厦（执法）环改〔2021〕7号 明达实业（厦门）有限公司,2021-02-01,./202102/t20210202_2516846.htm
闽厦环罚〔2021〕23号 厦门喜盈门家具制品有限公司,2021-01-29,./202101/t20210129_2516236.htm
闽厦环罚〔2021〕11号 厦门明佑电镀有限公司,2021-01-29,./202101/t20210129_2516235.htm
闽厦环罚〔2021〕22号 厦门市国越包装工业有限公司,2021-01-29,./202101/t20210129_2516233.htm
厦门聚大成彩色印刷有限公司行政处罚决定书闽厦环罚〔2021〕18号,2021-01-25,./202101/t20210125_2514875.htm
游良土责令改正违法行为决定书,2021-01-25,./202101/t20210125_2514800.htm
游良土行政处罚决定书,2021-01-25,./202101/t20210125_2514797.htm
肖艺钗责令改正违法行为决定书,2021-01-25,./202101/t20210125_2514796.htm
肖艺钗行政处罚决定书,2021-01-25,./202101/t20210125_2514795.htm
厦门市集美生态环境局关于厦门市集美区鑫涌康金属材料制品厂解除查封（扣押）,2021-01-22,./202103/t20210309_2523395.htm
高军磊（汽车维修私人作坊）行政处罚决定书闽厦环罚〔2021〕17号,2021-01-22,./202101/t20210125_2514868.htm
厦门宏利成工贸有限公司行政处罚决定书闽厦环罚〔2021〕19号,2021-01-22,./202101/t20210125_2514872.htm
闽厦（执法）环改〔2021〕2号 厦门瑞丰制面有限公司,2021-01-21,./202101/t20210121_2514376.htm
闽厦（执法）环改〔2021〕5号 厦门市翔安区淘气家族动物医院,2021-01-21,./202101/t20210121_2514309.htm
闽厦（执法）环改〔2021〕3号 厦门市海沧区东孚卫生院,2021-01-21,./202101/t20210121_2514308.htm
厦门恒镁达工贸有限公司责令改正违法行为决定书,2021-01-18,./202101/t20210118_2513411.htm
厦门恒镁达工贸有限公司行政处罚决定书,2021-01-18,./202101/t20210118_2513410.htm
厦门聚大成彩色印刷有限公司责令改正违法行为决定书闽厦（湖）环改[2021]2号,2021-01-14,./202101/t20210125_2514866.htm
厦门宏利成工贸有限公司责令改正违法行为决定书闽厦（湖）环改[2021]3号,2021-01-13,./202101/t20210125_2514863.htm
高军磊（汽车维修私人作坊）责令改正违法行为决定书闽厦（湖）环改〔2020〕32号,2021-01-11,./202101/t20210125_2514862.htm
闽厦（执法）环改〔2021〕1号 厦门市海沧区和持宠物诊所,2021-01-08,./202101/t20210108_2511831.htm
闽厦（执法）环改〔2020〕33号 厦门思明鼎豪口腔门诊部有限公司,2021-01-06,./202101/t20210106_2511066.htm
闽厦（执法）环改〔2020〕32号 厦门市海沧区德康居宠物诊所,2021-01-06,./202101/t20210106_2511065.htm
厦门市湖里区匠心隆汽车用品店行政处罚决定书闽厦环罚〔2020〕345号,2020-12-31,./202101/t20210107_2511457.htm
厦门维得力汽车服务有限公司行政处罚决定书闽厦环罚〔2020〕343号,2020-12-31,./202101/t20210107_2511459.htm
厦门市湖里区华佳开松汽车用品店行政处罚决定书闽厦环罚〔2020〕344号,2020-12-31,./202101/t20210107_2511455.htm
厦门湖里嗨天口腔门诊部有限公司行政处罚决定书闽厦环罚〔2020〕342号,2020-12-31,./202101/t20210107_2511454.htm
厦门鑫凯洁汽车服务有限公司行政处罚决定书闽厦环罚〔2020〕335号,2020-12-30,./202101/t20210107_2511451.htm
厦门天佑城建设工程有限公司行政处罚决定书闽厦环罚〔2020〕338号,2020-12-30,./202101/t20210107_2511450.htm
厦门湖里玉文中医（综合）诊所行政处罚决定书闽厦环罚〔2020〕340号,2020-12-30,./202101/t20210107_2511445.htm
厦门市兴永贸工程机械有限公司行政处罚决定书闽厦环罚〔2020〕336号,2020-12-30,./202101/t20210107_2511448.htm
厦门湖里永民中医（综合）诊所行政处罚决定书闽厦环罚〔2020〕341号,2020-12-30,./202101/t20210107_2511443.htm
厦门湖里锋晖中医（综合）诊所行政处罚决定书闽厦环罚〔2020〕339号,2020-12-30,./202101/t20210107_2511442.htm
厦门发发车贸易有限公司行政处罚决定书闽厦环罚〔2020〕337号,2020-12-30,./202101/t20210107_2511441.htm
闽厦（执法）环改〔2020〕30号 厦门湖里嗨天口腔门诊部有限公司,2020-12-25,./202012/t20201225_2508371.htm
闽厦（执法）环改〔2020〕29号 辑美包装印刷科技（厦门）有限公司,2020-12-25,./202106/t20210617_2558594.htm
厦门维得力汽车服务有限公司责令改正违法行为决定书闽厦（湖）环改〔2020〕29号,2020-12-24,./202101/t20210107_2511439.htm
厦门市湖里区华佳开松汽车用品店责令改正违法行为决定书闽厦（湖）环改〔2020〕30号,2020-12-24,./202101/t20210107_2511437.htm
厦门湖里嗨天口腔门诊部有限公司责令改正违法行为决定书闽厦（湖）环改[2020]28号,2020-12-24,./202101/t20210107_2511436.htm
厦门湖里锋晖中医（综合）诊所责令改正违法行为决定书闽厦（湖）环改[2020]22号,2020-12-24,./202101/t20210107_2511391.htm
厦门市湖里区匠心隆汽车用品店责令改正违法行为决定书闽厦（湖）环改[2020]31号,2020-12-23,./202101/t20210107_2511432.htm
厦门鑫凯洁汽车服务有限公司责令改正违法行为决定书闽厦（湖）环改[2020]16号,2020-12-21,./202101/t20210107_2511427.htm
厦门天佑城建设工程有限公司责令改正违法行为决定书闽厦（湖）环改[2020]27号,2020-12-21,./202101/t20210107_2511425.htm
厦门发发车贸易有限公司责令改正违法行为决定书闽厦（湖）环改〔2020〕21号,2020-12-21,./202101/t20210107_2511403.htm
厦门市兴永贸工程机械有限公司责令改正违法行为决定书闽厦（湖）环改[2020]20号,2020-12-21,./202101/t20210107_2511405.htm
宇林（宇林建筑材料点厦工XG962型装载机使用者）行政处罚决定书闽厦环罚〔2020〕326号,2020-12-18,./202012/t20201222_2507484.htm
昕诺飞电子（厦门）有限公司行政处罚决定书闽厦环罚〔2020〕322号,2020-12-16,./202101/t20210107_2511399.htm
厦门程骏电子有限公司责令改正违法行为决定书,2020-12-16,./202112/t20211216_2609049.htm
厦门程骏电子有限公司行政处罚决定书,2020-12-16,./202112/t20211216_2609047.htm
闽厦环查（扣）〔2020〕36 号 厦门通海船务有限公司,2020-12-11,./202012/t20201218_2506583.htm
闽厦（执法）环改〔2020〕23号 厦门立扬光学科技有限公司,2020-12-08,./202012/t20201208_2504191.htm
闽厦（执法）环改〔2020〕25号 联盛（厦门）彩印有限公司,2020-12-08,./202012/t20201208_2504193.htm
闽厦（执法）环改〔2020〕26号 厦门敦海艺品有限公司,2020-12-08,./202012/t20201208_2504189.htm
闽厦（执法）环改〔2020〕24号 厦门市国越包装工业有限公司,2020-12-08,./202012/t20201208_2504190.htm
闽厦环罚〔2020〕285号 普禄达（厦门）电子科技有限公司,2020-12-08,./202012/t20201208_2504116.htm
厦门湖里永民中医（综合）诊所责令改正违法行为决定书闽厦（湖）环改[2020]24号,2020-11-25,./202101/t20210107_2511397.htm
厦门湖里区玉文中医（综合）诊所责令改正违法行为决定书闽厦（湖）环改[2020]23号,2020-11-23,./202101/t20210107_2511384.htm
昕诺飞电子（厦门）有限公司责令改正违法行为决定书闽厦（湖）环改[2020]17号,2020-11-04,./202101/t20210107_2511381.htm
闽厦环罚〔2020〕148号 厦门汇耕电子工业有限公司,2020-08-12,./202008/t20200812_2487755.htm
闽厦（执法）环改〔2020〕13号 厦门海湾化工有限公司,2020-08-07,./202008/t20200817_2487754.htm
闽厦（执法）环改〔2020〕11号 普禄达（厦门）电子科技有限公司,2020-08-04,./202009/t20200901_2487753.htm
闽厦（执法）环改〔2020〕9号 厦门汇耕电子工业有限公司,2020-08-03,./202008/t20200803_2487752.htm
闽厦（执法）环改〔2020〕8号 厦门汇耕电子工业有限公司,2020-08-03,./202008/t20200803_2487751.htm
闽厦环罚〔2020〕123号 厦门中禾实业有限公司,2020-07-15,./202007/t20200715_2487750.htm
闽厦环限〔2020〕1号 厦门理研工业有限公司,2020-06-03,./202012/t20201202_2501647.htm
闽厦环限〔2020〕1号 厦门理研工业有限公司,2020-06-02,./202009/t20200901_2487749.htm
闽厦环罚〔2020〕91号 厦门理研工业有限公司,2020-06-02,./202009/t20200901_2487748.htm
闽厦（执法）环改〔2020〕5号 厦门申达塑料彩印包装有限公司,2020-06-01,./202009/t20200901_2487747.htm
闽厦（执法）环改〔2020〕3号 厦门中禾实业有限公司,2020-06-01,./202006/t20200601_2487746.htm
厦门申达塑料彩印包装有限公司责令改正违法行为决定书（5号）,2020-05-27,./202006/t20200602_2487745.htm
闽厦（执法）环改〔2020〕4号 厦门理研工业有限公司,2020-04-27,./202009/t20200901_2487744.htm
厦门理研工业有限公司责令改正违法行为决定书,2020-04-24,./202006/t20200602_2487743.htm
闽厦环罚〔2020〕41号 厦门政泰洋伞有限公司,2020-03-23,./202005/t20200508_2487742.htm
闽厦环罚[2019]733号 厦门市翔安区朱鸿伟合金加工厂,2020-03-09,./202003/t20200309_2487741.htm
闽厦环罚[2020]19号 厦门富为翔金属制品有限公司,2020-03-09,./202009/t20200917_2487740.htm
闽厦环罚〔2020〕21号 厦门绅艺金属制品有限公司,2020-01-17,./202009/t20200916_2487739.htm
闽厦环罚〔2020〕20号 厦门绅艺金属制品有限公司,2020-01-17,./202009/t20200916_2487738.htm
闽厦环罚〔2020〕4号 厦门市楚越印刷有限公司,2020-01-03,./202009/t20200916_2487737.htm
闽厦环罚〔2020〕3号准点（厦门）精密机械有限公司,2020-01-03,./202001/t20200103_2487735.htm
闽厦环罚〔2019〕737号厦门华铂盛工艺品有限公司,2020-01-03,./202001/t20200103_2487736.htm
闽厦环罚〔2019〕736号厦门华铂盛工艺品有限公司,2020-01-03,./202001/t20200103_2487734.htm
闽厦（执法）环改〔2019〕47号厦门市翔安区朱鸿伟合金加工厂,2019-12-26,./201912/t20191226_2487733.htm
闽厦（执法）环改〔2019〕43号厦门富为翔金属制品有限公司,2019-12-26,./201912/t20191226_2487732.htm
闽厦环查扣[2019]86号厦门市兴裕华包装有限公司,2019-12-24,./201912/t20191224_2487731.htm
闽厦环查（解）〔2019〕70号厦门吉佳美工艺品有限公司,2019-12-24,./201912/t20191224_2487730.htm
闽厦环查扣[2019]70号厦门吉佳美工艺品有限公司,2019-12-24,./201912/t20191224_2487729.htm
闽厦（执法）环改〔2019〕7号厦门民兴工业有限公司,2019-12-10,./201912/t20191210_2487727.htm
闽厦（执法）环改〔2019〕11号厦门民兴工业有限公司,2019-12-10,./201912/t20191210_2487728.htm
闽厦（执法）环改〔2019〕6号厦门民兴工业有限公司,2019-12-10,./201912/t20191210_2487725.htm
闽厦环罚〔2019〕148号厦门民兴工业有限公司,2019-12-10,./201912/t20191210_2487726.htm
闽厦环罚〔2019〕668号厦门市杏林意美包装有限公司,2019-12-10,./201912/t20191210_2487724.htm
闽厦环罚〔2019〕146号州巧科技（厦门）有限公司,2019-12-06,./201912/t20191206_2487723.htm
闽厦（执法）环改〔2019〕46号厦门市楚越印刷有限公司,2019-12-04,./201912/t20191204_2487722.htm
闽厦环罚〔2019〕690号厦门市联晨织带饰品有限公司,2019-12-02,./201912/t20191202_2487720.htm
闽厦（执法）环改〔2019〕45号厦门政泰洋伞有限公司,2019-12-02,./201912/t20191202_2487721.htm
闽厦环查（解）〔2019〕123号厦门兴利源活动房有限公司,2019-11-26,./201911/t20191126_2487719.htm
闽厦环查（解）〔2019〕129号厦门鑫尚骏金属制品有限公司,2019-11-26,./201911/t20191126_2487718.htm
闽厦环查（解）〔2019〕130号刘爽玻璃胶搅拌分装厂,2019-11-26,./201911/t20191126_2487717.htm
闽厦环查（解）〔2019〕134号格莱亚（厦门）装饰材料有限公司,2019-11-26,./201911/t20191126_2487716.htm
闽厦环查（解）〔2019〕138号厦门市集美区陆妍发废品回收店,2019-11-26,./201911/t20191126_2487715.htm
闽厦环查（解）〔2019〕141号厦门灌星工贸有限公司,2019-11-26,./201911/t20191126_2487714.htm
闽厦环罚〔2019〕658号厦门固特友橡胶有限公司,2019-11-22,./201911/t20191122_2487713.htm
闽厦环查（扣）[2019]127号厦门市楚越印刷有限公司,2019-11-21,./201911/t20191121_2487712.htm
闽厦环查（解）[2019]127号厦门市楚越印刷有限公司,2019-11-15,./201911/t20191115_2487711.htm
闽厦环查（解）[2019]94号准点（厦门）精密机械有限公司,2019-11-15,./201911/t20191115_2487710.htm
闽厦环查（解）[2019]99号厦门华铂盛工艺品有限公司,2019-11-12,./201911/t20191112_2487709.htm
闽厦环罚〔2019〕631号厦门开发减震器有限公司,2019-11-07,./201911/t20191107_2487708.htm
闽厦（执法）环改〔2019〕35号厦门华铂盛工艺品有限公司,2019-11-07,./201911/t20191107_2487706.htm
闽厦（执法）环改〔2019〕38号厦门华铂盛工艺品有限公司,2019-11-07,./201911/t20191107_2487707.htm
闽厦（执法）环改〔2019〕42号厦门绅艺金属制品有限公司,2019-11-05,./201911/t20191105_2487705.htm
闽厦（执法）环改〔2019〕41号厦门绅艺金属制品有限公司,2019-11-05,./201911/t20191105_2487704.htm
闽厦环查（扣）[2019]138号厦门市集美区陆妍发废品回收店,2019-11-01,./201911/t20191101_2487703.htm
闽厦环查（扣）[2019]130号刘爽玻璃胶搅拌分装厂,2019-11-01,./201911/t20191101_2487702.htm
闽厦环查（扣）[2019]134号格莱亚（厦门）装饰材料有限公司,2019-11-01,./201911/t20191101_2487701.htm
闽厦环查（扣）[2019]129号厦门鑫尚骏金属制品有限公司,2019-11-01,./201911/t20191101_2487700.htm
闽厦环查（扣）[2019]123号厦门兴利源活动房有限公司,2019-11-01,./201911/t20191101_2487699.htm
闽厦环查（扣）[2019]141号厦门灌星工贸有限公司,2019-11-01,./201911/t20191101_2487698.htm
闽厦（执法）环改〔2019〕34号厦门市联晨织带饰品有限公司,2019-11-01,./201911/t20191101_2487697.htm
闽厦环罚〔2019〕626号厦门黛媚化妆品有限公司,2019-10-30,./201910/t20191030_2487696.htm
闽厦环查（扣）[2019]140号厦门兴吉恒工贸有限公司,2019-10-30,./201910/t20191030_2487695.htm
闽厦（执法）环改〔2019〕40号厦门澳森印刷有限公司,2019-10-29,./201910/t20191029_2487694.htm
闽厦（执法）环改〔2019〕37号厦门通利彩印有限公司,2019-10-23,./201910/t20191023_2487693.htm
闽厦环查（扣）[2019]94号准点（厦门）精密机械有限公司,2019-10-16,./201910/t20191016_2487692.htm
闽厦环查（扣）[2019]105号厦门市联晨织带饰品有限公司,2019-10-16,./201910/t20191016_2487691.htm
闽厦环查（扣)[2019]99号厦门华铂盛工艺品有限公司,2019-10-16,./201910/t20191016_2487690.htm
闽厦环查（扣）[2019]106号厦门绅艺金属制品有限公司,2019-10-16,./201910/t20191016_2487689.htm
闽厦（执法）环改〔2019〕32号厦门固特友橡胶有限公司,2019-10-15,./201910/t20191015_2487688.htm
闽厦（执法）环改〔2019〕33号厦门市杏林意美包装有限公司,2019-10-14,./201910/t20191014_2487687.htm
闽厦环(机)罚决〔2019〕CA00032号厦门全盛双成物流有限公司,2019-09-24,./201909/t20190924_2487686.htm
闽厦环(机)罚决〔2019〕CA00030号厦门鹭申通快递服务有限公司,2019-09-24,./201909/t20190924_2487685.htm
闽厦环(机)罚决〔2019〕278号厦门兴展鹏商贸有限公司,2019-09-24,./201909/t20190924_2487684.htm
闽厦环(机)罚决〔2019〕175号厦门市顺丰速运有限公司,2019-09-24,./201909/t20190924_2487683.htm
闽厦环罚〔2019〕552号厦门市兴裕华塑料包装有限公司,2019-09-17,./201909/t20190917_2487682.htm
闽厦（执法）环改〔2019〕31号厦门市汇盈印刷包装有限公司,2019-09-17,./201909/t20190917_2487681.htm
闽厦环罚〔2019〕510号厦门市同安职业技术学校,2019-09-09,./201909/t20190909_2487680.htm
闽厦（执法）环改〔2019〕28号厦门市兴裕华塑料包装有限公司,2019-09-06,./201909/t20190906_2487679.htm
闽厦环查（解）[2019]86号 厦门市兴裕华塑料包装有限公司,2019-09-05,./201910/t20191017_2487678.htm
闽厦环查（扣）[2019]86号厦门市兴裕华塑料包装有限公司,2019-08-30,./201908/t20190830_2487677.htm
闽厦环罚〔2019〕472号三捷科技（厦门）有限公司,2019-08-26,./201908/t20190826_2487676.htm
闽厦（执法）环改〔2019〕26号厦门开发减震器有限公司,2019-08-21,./201908/t20190821_2487675.htm
闽厦环罚〔2019〕443号厦门晖颖五金制品有限公司,2019-08-12,./201908/t20190812_2487674.htm
闽厦环罚〔2019〕441号厦门晖颖五金制品有限公司,2019-08-12,./201908/t20190812_2487673.htm
闽厦环罚〔2019〕390号厦门开发减震器有限公司,2019-08-02,./201908/t20190802_2487672.htm
闽厦环罚〔2019〕371号集木（厦门）家居有限公司,2019-07-27,./201907/t20190727_2487671.htm
闽厦环罚〔2019〕364号集木（厦门）家居有限公司,2019-07-27,./201907/t20190727_2487670.htm
闽厦（执法）环改〔2019〕22号厦门黛媚化妆品有限公司,2019-07-21,./201907/t20190721_2487669.htm
闽厦（执法）环改〔2019〕21号厦门晖颖五金制品有限公司,2019-07-21,./201907/t20190721_2487668.htm
闽厦（执法）环改〔2019〕20号厦门晖颖五金制品有限公司,2019-07-21,./201907/t20190721_2487667.htm
闽厦（监察）环改〔2018〕78号厦门兴向阳工贸有限公司,2019-07-21,./201907/t20190725_2487666.htm
厦门开发减震器有限公司 闽厦（执法）环改〔2019〕18号,2019-07-20,./201907/t20190720_2487665.htm
闽厦环罚〔2019〕303号厦门联发同安置业有限公司,2019-07-05,./201907/t20190711_2487664.htm
闽厦（执法）环改〔2019〕17号集木（厦门）家居有限公司,2019-07-04,./201907/t20190711_2487663.htm
闽厦（执法）环改〔2019〕16号集木（厦门）家居有限公司,2019-07-04,./201907/t20190711_2487662.htm
闽厦环罚〔2019〕244号厦门海马化妆品有限公司,2019-06-29,./201907/t20190726_2487661.htm
闽厦（执法）环改〔2019〕15号三捷科技（厦门）有限公司,2019-06-26,./201906/t20190627_2487660.htm
闽厦环罚〔2019〕238号 厦门民兴工业有限公司,2019-06-10,./201906/t20190612_2487659.htm
闽厦环罚〔2019〕235号 厦门鹭得织带饰品有限公司,2019-06-06,./201906/t20190612_2487658.htm
闽厦（执法）环改〔2019〕13号厦门市同安职业技术学校,2019-06-05,./201907/t20190711_2487657.htm
闽厦（执法）环改〔2019〕14号厦门联发同安置业有限公司,2019-06-04,./201907/t20190711_2487656.htm
闽厦（执法）环改〔2019〕12号厦门海马化妆品有限公司,2019-05-30,./201907/t20190726_2487655.htm
闽厦环罚〔2019〕158号明达实业（厦门）有限公司,2019-05-08,./201907/t20190711_2487654.htm
闽厦环罚〔2019〕155 号 厦门鑫长隆机动车检测有限公司,2019-05-05,./201905/t20190505_2487653.htm
闽厦环罚〔2019〕147号厦门海湾化工有限公司,2019-04-29,./201907/t20190726_2487652.htm
闽厦环限〔2019〕1号 厦门民兴工业有限公司,2019-04-26,./202006/t20200616_2487651.htm
闽厦环罚〔2019〕143号 厦门民兴工业有限公司,2019-04-25,./201904/t20190425_2487650.htm
闽厦环罚〔2019〕140号 厦门民兴工业有限公司,2019-04-25,./201904/t20190425_2487649.htm
闽厦（执法）环改〔2019〕9号明达实业（厦门）有限公司,2019-04-19,./201907/t20190711_2487648.htm
闽厦（执法）环改〔2019〕8号 厦门民兴工业有限公司,2019-04-16,./201904/t20190417_2487647.htm
闽厦（执法）环改〔2019〕5号 厦门鹭得织带饰品有限公司,2019-04-03,./201904/t20190417_2487646.htm
闽厦环罚〔2019〕90号亨国（厦门）精机工业有限公司,2019-03-13,./201907/t20190725_2487645.htm
闽厦（执法）环改〔2019〕4号 州巧科技（厦门）有限公司,2019-03-12,./201903/t20190320_2487644.htm
闽厦（执法）环改〔2019〕3号 华电（厦门）分布式能源有限公司,2019-02-20,./201903/t20190320_2487643.htm
闽厦环罚〔2019〕21号厦门佛金工贸有限公司,2019-01-11,./201907/t20190726_2487642.htm
闽厦（监察）环改〔2019〕1号厦门海湾化工有限公司,2019-01-08,./201907/t20190726_2487641.htm
闽厦环罚〔2018〕949号厦门奇怡五金制品有限公司,2018-12-29,./201907/t20190725_2487640.htm
闽厦环罚〔2018〕934号厦门兴向阳工贸有限公司,2018-12-29,./201907/t20190725_2487639.htm
闽厦环罚〔2018〕831号厦门台松精密电子有限公司,2018-12-27,./201907/t20190726_2487638.htm
闽厦环罚〔2018〕778号厦门南洋模特儿衣架有限公司集美分公司,2018-12-21,./201907/t20190725_2487637.htm
闽厦（监察）环改〔2018〕80号亨国（厦门）精机工业有限公司,2018-12-21,./201907/t20190725_2487636.htm
闽厦（监察）环改〔2018〕79号厦门奇怡五金制品有限公司,2018-12-21,./201907/t20190725_2487635.htm
闽厦环罚【2018】776号 厦门市誉冠机动车服务有限公司,2018-12-20,./201812/t20181220_2487634.htm
厦环(机)罚决字[2018]376号厦门公交集团同安公共交通有限公司,2018-12-19,./201812/t20181219_2487633.htm
闽厦环罚〔2018〕725号 厦门逸励工贸有限公司,2018-12-10,./201812/t20181227_2487632.htm
闽厦环罚〔2018〕731号 厦门欣建雅工业有限公司,2018-12-06,./201812/t20181207_2487631.htm
闽厦环罚〔2018〕722号 厦门立起鞋业有限公司,2018-12-06,./201812/t20181207_2487630.htm
闽厦环罚〔2018〕730号 厦门奇怡五金制品有限公司,2018-12-05,./201812/t20181229_2487629.htm
闽厦环罚〔2018〕714号 厦门凯萨艺装饰有限公司,2018-12-03,./201812/t20181205_2487628.htm
闽厦环罚〔2018〕700号 厦门凯萨艺装饰有限公司,2018-11-30,./201812/t20181205_2487627.htm
闽厦环罚〔2018〕699号 厦门伊视路装饰设计工程有限公司,2018-11-26,./201811/t20181128_2487626.htm
闽厦（监察）环改〔2018〕75号 厦门凯萨艺装饰有限公司,2018-11-23,./201811/t20181128_2487625.htm
闽厦环罚〔2018〕697号厦门东环能源科技有限公司,2018-11-22,./201907/t20190726_2487624.htm
闽厦（监察）环改〔2018〕77号厦门台松精密电子有限公司,2018-11-20,./201907/t20190726_2487623.htm
闽厦环罚〔2018〕676号 奇利（厦门）金刚石制品有限公司,2018-11-20,./201811/t20181128_2487622.htm
闽厦（监察）环改〔2018〕71号 厦门宇之轩工贸有限公司,2018-11-13,./201811/t20181128_2487621.htm
闽厦（监察）环改〔2018〕69号 厦门伊视路装饰设计工程有限公司,2018-11-13,./201811/t20181128_2487620.htm
闽厦（监察）环改〔2018〕72号 厦门凯萨艺装饰有限公司,2018-11-13,./201811/t20181128_2487619.htm
闽厦环罚〔2018〕646号 厦门银鹭食品集团有限公司,2018-11-12,./201811/t20181112_2487618.htm
闽厦环罚〔2018〕647号厦门力柏工贸有限公司,2018-11-09,./201907/t20190725_2487617.htm
闽厦环罚〔2018〕648号厦门奇怡五金制品有限公司,2018-11-09,./201907/t20190726_2487616.htm
闽厦（监察）环改〔2018〕73号厦门佛金工贸有限公司,2018-11-08,./201907/t20190726_2487615.htm
闽厦（监察）环改〔2018〕74号厦门南洋模特儿衣架有限公司集美分公司,2018-11-07,./201907/t20190725_2487614.htm
闽厦环查（扣）【2018】225号厦门佛金工贸有限公司,2018-11-06,./201907/t20190726_2487613.htm
闽厦环罚〔2018〕573号 厦门鼎辉凯工贸有限公司,2018-10-30,./201811/t20181130_2487612.htm
闽厦环罚〔2018〕572号 厦门鼎辉凯工贸有限公司,2018-10-30,./201811/t20181130_2487611.htm
闽厦环罚〔2018〕611号 厦门兴向阳工贸有限公司,2018-10-26,./201810/t20181030_2487610.htm
闽厦环罚〔2018〕590号 厦门美冠达工贸有限公司,2018-10-26,./201811/t20181102_2487609.htm
闽厦（监察）环改【2018】66号 厦门立起鞋业有限公司,2018-10-24,./201811/t20181116_2487608.htm
闽厦（监察）环改〔2018〕65号 厦门市誉冠机动车服务有限公司,2018-10-19,./201810/t20181019_2487607.htm
闽厦（监察）环改〔2018〕68号厦门东环能源科技有限公司,2018-10-19,./201907/t20190726_2487606.htm
闽厦（监察）环改〔2018〕63号 厦门鼎辉凯工贸有限公司,2018-10-09,./201811/t20181130_2487605.htm
厦门鼎辉凯工贸有限公司 闽厦（监察）环改〔2018〕62号,2018-10-09,./201811/t20181130_2487604.htm
闽厦环罚〔2018〕529号厦门市派对屋电子有限公司,2018-10-09,./201907/t20190725_2487603.htm
闽厦（监察）环改〔2018〕64号 厦门欣建雅工贸有限公司,2018-10-09,./201810/t20181010_2487602.htm
闽厦环查（扣）【2018】191号 厦门立起鞋业有限公司,2018-10-09,./201811/t20181116_2487601.htm
闽厦环罚〔2018〕496号  厦门同安车安机动车安全检测站,2018-09-29,./201810/t20181012_2487600.htm
闽厦环罚〔2018〕485号厦门福昱工贸有限公司,2018-09-26,./201907/t20190725_2487599.htm
闽厦环罚〔2018〕486号厦门福昱工贸有限公司,2018-09-26,./201907/t20190725_2487598.htm
闽厦环罚〔2018〕493号 厦门正福表面处理有限公司,2018-09-26,./201810/t20181030_2487597.htm
闽厦（监察）环改[2018]60号厦门力柏工贸有限公司,2018-09-24,./201907/t20190725_2487596.htm
闽厦（监察）环改〔2018〕67号厦门奇怡五金制品有限公司,2018-09-21,./201907/t20190726_2487595.htm
闽厦（监察）环改﹝2018﹞59 号 厦门美冠达工贸有限公司,2018-09-18,./201811/t20181102_2487594.htm
闽厦环查（扣）【2018】177号 厦门鼎辉凯工贸有限公司,2018-09-17,./201811/t20181129_2487593.htm
闽厦环罚〔2018〕463号 厦门同安车安机动车安全检测站,2018-09-14,./201810/t20181012_2487592.htm
闽厦环罚〔2018〕459号 厦门鑫义祥汽车投资管理有限公司,2018-09-14,./201810/t20181012_2487591.htm
闽厦环查（扣）【2018】178号厦门力柏工贸有限公司,2018-09-13,./201907/t20190726_2487590.htm
闽厦环罚〔2018〕460号 厦门运输发展总公司,2018-09-13,./201810/t20181012_2487589.htm
闽厦环罚〔2018〕458号 厦门市集美区杏全机动车检测有限公司,2018-09-13,./201810/t20181012_2487587.htm
闽厦环罚〔2018〕457号 厦门闽盛交通服务有限公司,2018-09-13,./201810/t20181012_2487588.htm
闽厦环罚〔2018〕456号 厦门闻祥机动车检测有限公司,2018-09-13,./201810/t20181012_2487586.htm
闽厦环罚〔2018〕442号 厦门金信盾门业有限公司,2018-09-10,./201811/t20181130_2487585.htm
闽厦环罚[2018]444号 奇利（厦门）金刚石制品有限公司,2018-09-10,./201809/t20180914_2487584.htm
闽厦环罚[2018]443号 奇利（厦门）金刚石制品有限公司,2018-09-10,./201809/t20180914_2487583.htm
闽厦（监察）环改[2018]58号 厦门兴向阳工贸有限公司,2018-09-10,./201809/t20180910_2487581.htm
闽厦（监察）环改[2018]57号 厦门奇怡五金制品有限公司,2018-09-10,./201809/t20180910_2487582.htm
闽厦（监察）环改[2018]54号 厦门逸励工贸有限公司,2018-09-10,./201809/t20180910_2487580.htm
闽厦（监察）环改[2018]53号厦门市派对屋电子有限公司,2018-09-06,./201907/t20190725_2487579.htm
闽厦环罚〔2018〕434号 厦门聚洲机动车检测有限公司,2018-09-06,./201810/t20181012_2487578.htm
闽厦环罚〔2018〕399号 厦门市卓胤电子科技有限公司,2018-09-05,./201811/t20181130_2487577.htm
闽厦环罚〔2018〕398号 厦门市卓胤电子科技有限公司,2018-09-05,./201811/t20181130_2487576.htm
闽厦环罚〔2018〕385号 厦门水务中环污水处理有限公司,2018-08-29,./201810/t20181030_2487575.htm
闽厦环停〔2018〕7号 奇利（厦门）金刚石制品有限公司,2018-08-28,./201809/t20180914_2487574.htm
闽厦环罚〔2018〕395号 厦门南洋模特儿衣架有限公司集美分公司,2018-08-28,./201810/t20181030_2487573.htm
闽厦环查（扣）【2018】167号 厦门逸励工贸有限公司,2018-08-28,./201901/t20190110_2487572.htm
闽厦环罚〔2018〕370号 厦门晟硕科技有限公司,2018-08-20,./201810/t20181012_2487571.htm
闽厦（监察）环改[2018]55号厦门福昱工贸有限公司,2018-08-17,./201907/t20190725_2487570.htm
闽厦环罚[2018]319号 新格（厦门）化纤织造染整有限公司,2018-08-16,./201808/t20180802_2487569.htm
闽厦（监察）环改字[2018]52号 奇利（厦门）金刚石制品有限公司,2018-08-15,./201809/t20180914_2487568.htm
闽厦（监察）环改字[2018]50号 奇利（厦门）金刚石制品有限公司,2018-08-10,./201809/t20180914_2487567.htm
闽厦（监察）环改字[2018]51号 奇利（厦门）金刚石制品有限公司,2018-08-10,./201809/t20180914_2487566.htm
厦门市翔安区农创富畜禽专业合作社责令改正违法行为决定书,2018-08-10,./202106/t20210617_2558466.htm
闽厦环罚〔2018〕332号 厦门兴向阳工贸有限公司,2018-08-03,./201808/t20180803_2487565.htm
闽厦环罚[2018]321号 厦门成鑫忠针织有限公司,2018-08-03,./201808/t20180803_2487564.htm
闽厦环查（扣）【2018】149号 奇利（厦门）金刚石制品有限公司,2018-08-02,./201812/t20181217_2487563.htm
闽厦环罚〔2018〕328号 厦门搏捷电镀有限公司,2018-08-02,./201808/t20180803_2487562.htm
闽厦环罚〔2018〕329号 厦门闻祥机动车检测有限公司,2018-08-02,./201810/t20181012_2487561.htm
闽厦环罚〔2018〕327号 厦门宏赢工贸有限公司,2018-08-01,./201808/t20180803_2487560.htm
闽厦环罚[2018]318号 厦门磊峰五金弹簧有限公司,2018-07-31,./201808/t20180803_2487559.htm
闽厦环罚〔2018〕320号 厦门奇怡五金制品有限公司,2018-07-31,./201808/t20180803_2487558.htm
闽厦环罚〔2018〕327号 厦门宏赢工贸有限公司,2018-07-30,./201810/t20181030_2487557.htm
闽厦（监察）环改〔2018〕42号 厦门鑫义祥汽车投资管理有限公司,2018-07-26,./201810/t20181012_2487556.htm
闽厦（监察）环罚告〔2018〕21号 厦门成鑫忠针织有限公司,2018-07-24,./201808/t20180802_2487555.htm
闽厦环罚[2018]287号 国际铝业（厦门）有限公司,2018-07-24,./201808/t20180803_2487554.htm
闽厦环查（扣）【2018】121号厦门福昱工贸有限公司,2018-07-21,./201907/t20190725_2487553.htm
闽厦（监察）环罚告〔2018〕36号 厦门田松工贸有限公司,2018-07-19,./201808/t20180802_2487552.htm
闽厦（监察）环罚告〔2018〕37号 厦门田松工贸有限公司,2018-07-19,./201808/t20180802_2487551.htm
闽厦环罚〔2018〕220号 厦门市同利源电气设备有限公司,2018-07-18,./201808/t20180802_2487550.htm
闽厦（监察）环罚告〔2018〕27号 厦门磊峰五金弹簧有限公司,2018-07-18,./201808/t20180803_2487549.htm
闽厦环罚〔2018〕264 号 厦门市同利源电气设备有限公司,2018-07-18,./201808/t20180803_2487548.htm
闽厦（监察）环改[2018]56号厦门福昱工贸有限公司,2018-07-14,./201907/t20190725_2487547.htm
闽厦环查（扣）【2018】121号 厦门福昱工贸有限公司,2018-07-12,./201808/t20180803_2487546.htm
闽厦（监察）环改〔2018〕48号 厦门同安车安机动车安全检测站,2018-07-12,./201810/t20181012_2487545.htm
闽厦（监察）环改〔2018〕47号 厦门闻祥机动车检测有限公司,2018-07-12,./201810/t20181012_2487544.htm
闽厦（监察）环改〔2018〕46号 厦门运输发展总公司,2018-07-12,./201810/t20181012_2487543.htm
闽厦（监察）环改〔2018〕45号 厦门闽盛交通服务有限公司,2018-07-12,./201810/t20181012_2487542.htm
闽厦（监察）环改〔2018〕44号 厦门市集美区杏全机动车检测有限公司,2018-07-12,./201810/t20181012_2487541.htm
闽厦（监察）环改〔2018〕43号 厦门聚洲机动车检测有限公司,2018-07-12,./201810/t20181012_2487540.htm
闽厦环限〔2018〕6号 厦门博捷电镀有限公司,2018-07-06,./201811/t20181130_2487539.htm
闽厦环罚〔2018〕233号 厦门闽盛交通服务有限公司,2018-07-06,./201810/t20181012_2487538.htm
闽厦环罚〔2018〕227号 厦门帝源工艺品有限公司,2018-07-05,./201808/t20180802_2487537.htm
闽厦环罚〔2018〕226号 厦门帝源工艺品有限公司,2018-07-05,./201808/t20180802_2487536.htm
闽厦（监察）环改[2018]40号 厦门金信盾门业有限公司,2018-07-04,./201811/t20181130_2487535.htm
闽厦环限〔2018〕3号 厦门宏赢工贸有限公司,2018-07-02,./201811/t20181129_2487534.htm
闽厦环限〔2018〕2号 厦门市卓胤电子科技有限公司,2018-07-02,./201811/t20181129_2487533.htm
闽厦环限〔2018〕11号 新格（厦门）化纤织造染整有限公司,2018-06-29,./201808/t20180802_2487532.htm
闽厦环限〔2018〕12号 厦门成鑫忠针织有限公司,2018-06-29,./201808/t20180802_2487531.htm
闽厦（监察）环改[2018]36号 厦门田松工贸有限公司,2018-06-29,./201808/t20180802_2487530.htm
闽厦（监察）环改[2018]37号 厦门田松工贸有限公司,2018-06-29,./201808/t20180802_2487529.htm
闽厦环停〔2018〕5号 厦门晟硕科技有限公司,2018-06-29,./201808/t20180802_2487528.htm
闽厦环限〔2018〕10号 国际铝业（厦门）有限公司,2018-06-29,./201808/t20180803_2487527.htm
闽厦环限〔2018〕5号 厦门兴向阳工贸有限公司,2018-06-29,./201808/t20180803_2487526.htm
闽厦环限〔2018〕3号 厦门宏赢工贸有限公司,2018-06-29,./201808/t20180803_2487525.htm
闽厦环限〔2018〕4号 厦门奇怡五金制品有限公司,2018-06-29,./201808/t20180803_2487524.htm
闽厦环停〔2018〕2号 厦门南洋模特儿衣架有限公司集美分公司,2018-06-29,./201808/t20180803_2487523.htm
闽厦环限〔2018〕6号 厦门博捷电镀有限公司,2018-06-29,./201808/t20180803_2487522.htm
闽厦（监察）环改[2018]35号 厦门市集美区鹭庄缘金属制品加工厂,2018-06-27,./201808/t20180802_2487521.htm
闽厦环查（扣）【2018】92号 厦门市搏金工贸有限公司,2018-06-26,./201812/t20181219_2487520.htm
闽厦环查（扣）【2018】79号 厦门岑昱橡塑制品有限公司,2018-06-25,./201812/t20181219_2487519.htm
闽厦环查（扣）【2018】94号 厦门金信盾门业有限公司,2018-06-25,./201808/t20180803_2487518.htm
闽厦环查（扣）【2018】88号 厦门市通铭建钢结构有限公司,2018-06-23,./201808/t20180803_2487517.htm
闽厦环查（扣）【2018】85号 厦门市集美区三厦榕汽车服务部,2018-06-23,./201808/t20180803_2487516.htm
闽厦环查（扣）【2018】65号 厦门田松工贸有限公司,2018-06-22,./201812/t20181219_2487515.htm
闽厦环查（扣）【2018】64号 厦门田松工贸有限公司,2018-06-22,./201812/t20181219_2487514.htm
闽厦（监察）环限告[2018]2号 新格（厦门）化纤织造染整有限公司,2018-06-22,./201808/t20180802_2487513.htm
闽厦（监察）环限告[2018]4号 厦门成鑫忠针织有限公司,2018-06-22,./201808/t20180802_2487512.htm
闽厦（监察）环改[2018]33号 厦门晟硕科技有限公司,2018-06-22,./201808/t20180802_2487511.htm
闽厦（监察）环改[2018]34号 厦门搏捷电镀有限公司,2018-06-22,./201808/t20180803_2487509.htm
闽厦（监察）环改[2018]39号 厦门市卓胤电子科技有限公司,2018-06-22,./201808/t20180803_2487508.htm
闽厦（监察）环改[2018]38号 厦门市卓胤电子科技有限公司,2018-06-22,./201808/t20180803_2487507.htm
闽厦（监察）环改[2018]31号 厦门南洋模特儿衣架有限公司集美分公司,2018-06-22,./201808/t20180803_2487506.htm
闽厦（监察）环改﹝2018﹞33号 厦门晟硕科技有限公司,2018-06-22,./201810/t20181012_2487505.htm
闽厦环查（扣）【2018】54号 厦门超润工贸有限公司,2018-06-21,./201812/t20181219_2487504.htm
闽厦环查（扣）【2018】63号 厦门钦鑫工贸有限公司,2018-06-21,./201808/t20180803_2487503.htm
闽厦环查（扣）【2018】56号 厦门晟硕科技有限公司,2018-06-20,./201811/t20181129_2487502.htm
闽厦环查（扣）【2018】55号 厦门市卓胤电子科技有限公司,2018-06-20,./201808/t20180803_2487501.htm
闽厦（监察）环改[2018]27号 厦门磊峰五金弹簧有限公司,2018-06-19,./201808/t20180803_2487500.htm
闽厦（监察）环改〔2018〕7号 厦门闻祥机动车检测有限公司,2018-06-15,./201810/t20181012_2487499.htm
闽厦（监察）环改[2018]29号 厦门宏赢工贸有限公司,2018-06-13,./201808/t20180803_2487498.htm
闽厦（监察）环改[2018]29号 厦门宏赢工贸有限公司,2018-06-13,./201810/t20181030_2487497.htm
闽厦（监察）环改[2018]30号 厦门奇怡五金制品有限公司,2018-06-13,./201808/t20180803_2487496.htm
闽厦（监察）环改[2018]26号 新格（厦门）化纤织造染整有限公司,2018-06-12,./201808/t20180802_2487495.htm
闽厦（监察）环改字[2018]22号 厦门兴向阳工贸有限公司,2018-06-07,./201806/t20180607_2487494.htm
闽厦（监察）环改[2018]21号 厦门成鑫忠针织有限公司,2018-06-06,./201808/t20180802_2487493.htm
闽厦环查（扣）【2018】51号 厦门磊峰五金弹簧有限公司,2018-06-04,./201812/t20181219_2487492.htm
闽厦（监察）环改[2018]5号 厦门帝源工艺品有限公司,2018-06-04,./201806/t20180607_2487491.htm
闽厦环限〔2018〕1号 厦门市同利源电气设备有限公司,2018-06-04,./201811/t20181129_2487490.htm
闽厦（监察）环改[2018]21号 厦门成鑫忠针织有限公司,2018-06-04,./201806/t20180613_2487489.htm
闽厦（监察）环改[2018]24号 厦门水务中环污水处理有限公司,2018-06-04,./201808/t20180803_2487488.htm
闽厦环罚〔2018〕143号 厦门公交集团安驰汽车服务（厦门）有限公司枋湖修理厂,2018-06-01,./201807/t20180731_2487487.htm
闽厦环限〔2018〕1号 厦门市同利源电气设备有限公司,2018-05-30,./201808/t20180803_2487486.htm
闽厦（监察）环改【2018】20号 厦门市同利源电气设备有限公司,2018-05-29,./201806/t20180607_2487485.htm
闽厦（监察）环改[2018]18号 厦门正福表面处理有限公司,2018-05-24,./201808/t20180803_2487484.htm
闽厦环罚〔2018〕144号 厦门公交集团同安公共交通有限公司,2018-05-18,./201805/t20180518_2487483.htm
闽厦（监察）环改【2018】19号 厦门市同利源电气设备有限公司,2018-05-18,./201805/t20180518_2487482.htm
闽厦（监察）环改【2018】19号 厦门市同利源电气设备有限公司,2018-05-17,./201810/t20181022_2487481.htm
闽厦（监察）环改【2018】19号 厦门市同利源电气设备有限公司,2018-05-17,./201808/t20180803_2487480.htm
闽厦环罚〔2018〕132号 厦门市骏顺安机动车检测有限公司,2018-05-17,./201810/t20181012_2487479.htm
闽厦环罚〔2018〕133号 厦门公交集团集美公共交通有限公司,2018-05-16,./201810/t20181012_2487478.htm
闽厦（监察）环改〔2018〕3号 厦门同安车安机动车安全检测站,2018-05-11,./201810/t20181012_2487477.htm
闽厦（监察）环改[2018]17号 国际铝业（厦门）有限公司,2018-05-10,./201805/t20180510_2487476.htm
闽厦环查（扣）【2018】38号 厦门南洋模特衣架有限公司集美分公司,2018-05-10,./201808/t20180803_2487473.htm
闽厦（监察）环改〔2018〕6号 厦门闽盛交通服务有限公司,2018-05-09,./201810/t20181012_2487472.htm
闽厦（监察）环改[2018]15号 厦门公交集团海沧公共交通有限公司,2018-05-07,./201805/t20180510_2487471.htm
闽厦（监察）环改〔2018〕14号 厦门公交集团思明公共交通有限公司,2018-05-07,./201805/t20180510_2487470.htm
闽厦（监察）环改[2018]13号 厦门公交集团翔安公共交通有限公司,2018-05-07,./201805/t20180510_2487469.htm
闽厦（监察）环改[2018]12号 厦门翔顺德车辆有限公司,2018-05-07,./201805/t20180510_2487468.htm
闽厦环罚[2018]114号 厦门公交集团湖里公共交通有限公司,2018-05-04,./201805/t20180508_2487467.htm
闽厦（监察）环改〔2018〕16号 厦门公交集团集美公共交通有限公司,2018-05-04,./201810/t20181012_2487466.htm
闽厦（监察）环改[2018]11号 厦门公交集团安驰汽车服务（厦门）有限公司枋湖修理厂,2018-05-02,./201805/t20180523_2487465.htm
闽厦（监察）环改[2018]10号 厦门公交集团同安公共交通有限公司,2018-04-30,./201805/t20180518_2487464.htm
闽厦（监察）环改[2018]8号 厦门帝源工艺品有限公司,2018-04-30,./201806/t20180607_2487463.htm
闽厦（监察）环改[2018]8号 厦门帝源工艺品有限公司,2018-04-28,./201805/t20180504_2487462.htm
闽厦（监察）环改〔2018〕9号 厦门公交集团湖里公共交通有限公司,2018-04-24,./201805/t20180508_2487461.htm
闽厦环查（扣）【2018】21号 厦门帝源工艺品有限公司,2018-04-22,./201811/t20181130_2487460.htm
闽厦环查（扣）【2018】21号 厦门帝源工艺品有限公司查封扣押决定书,2018-04-20,./201805/t20180504_2487459.htm
闽厦环查（扣）【2018】21号 厦门帝源工艺品有限公司,2018-04-19,./201808/t20180802_2487458.htm
闽厦环罚〔2018〕92号 厦门新安泰发工业有限公司,2018-04-10,./201805/t20180508_2487457.htm
厦环（监察）改字[2018]3号 厦门新安泰发工业有限公司责令改正违法行为决定书,2018-03-01,./201803/t20180301_2487456.htm
厦环（监察）罚决字[2017]44号 厦门市同利源电气设备有限公司行政处罚决定书,2018-02-28,./201803/t20180323_2487455.htm
厦环（监察）改字[2018]3号 厦门新安泰发工业有限公司,2018-02-28,./201810/t20181016_2487454.htm
厦环（监察）罚决字[2017]77号 厦门搏捷电镀有限公司,2018-02-01,./201805/t20180508_2487453.htm
厦环（监察）罚决字〔2017〕73号 厦门聚洲机动车检测有限公司,2018-01-31,./201802/t20180205_2487452.htm
厦环（监察）罚决字[2017]64号 厦门欣鑫瑞金属表面处理有限公司行政处罚决定书,2018-01-30,./201802/t20180205_2487451.htm
厦门市保尔达家具装饰有限公司责令改正违法行为决定书,2018-01-30,./202106/t20210617_2558465.htm
厦环（监察）罚决字[2017]56号 厦门鑫汇源制造有限公司行政处罚决定书,2018-01-29,./201802/t20180205_2487450.htm
厦环（监察）改字[2017]56号 厦门鑫汇源制造有限公司责令改正违法行为决定书,2018-01-18,./201802/t20180205_2487449.htm
厦环（监察）罚决字[2017]75号 厦门欣建雅工贸有限公司行政处罚决定书,2018-01-17,./201802/t20180205_2487448.htm
厦环（监察）罚决字[2017]72号 厦门市同利源电气设备有限公司行政处罚决定书,2018-01-15,./201802/t20180205_2487447.htm
厦环（监察）罚决字[2017]71号 厦门新泽石材有限公司行政处罚决定书,2018-01-15,./201802/t20180207_2487446.htm
厦环（监察）连罚字〔2018〕1号 厦门礼诚工艺品有限公司行政处罚决定书,2018-01-10,./201802/t20180207_2487445.htm
厦门市兴磊鑫矿业有限责任公司责令改正违法行为决定书,2017-12-22,./202106/t20210617_2558462.htm
厦门市泰源翔石材有限公司责令改正违法行为决定书,2017-12-21,./202106/t20210617_2558464.htm
厦环（监察）改字[2017]76号 厦门峻鸿环境固废处置有限公司责令改正违法行为决定书,2017-12-14,./201802/t20180205_2487444.htm
厦环（监察）改字[2017]77号 厦门博捷电镀有限公司责令改正违法行为决定书,2017-12-13,./201802/t20180207_2487443.htm
厦环（监察）改字[2017]64号 厦门欣鑫瑞金属表面处理有限公司责令改正违法行为决定书,2017-12-12,./201802/t20180205_2487442.htm
厦环（监察）罚决字[2017]68号 厦门昭伟塑胶有限公司行政处罚决定书,2017-12-11,./201802/t20180205_2487441.htm
厦环（监察）改字[2017]75号 厦门欣建雅工贸有限公司责令改正违法行为决定书,2017-12-08,./201802/t20180205_2487440.htm
厦环（监察）罚决字[2017]70号 厦门尚贸家饰工业有限公司行政处罚决定书,2017-12-08,./201802/t20180205_2487439.htm
厦环（监察）改字[2017]72号 厦门市同利源电气设备有限公司责令改正违法行为决定书,2017-12-04,./201802/t20180205_2487438.htm
厦环（监察）罚决字[2017]65号 厦门礼诚工艺品有限公司行政处罚决定书,2017-12-01,./201802/t20180205_2487437.htm
厦环（监察）改字[2017]68号 厦门昭伟塑胶有限公司责令改正违法行为决定书,2017-11-30,./201802/t20180205_2487436.htm
厦环（监察）罚决字[2017]17号 厦门客来斯光学工业有限公司行政处罚决定书,2017-11-30,./201802/t20180205_2487435.htm
厦环（监察）改字[2017]70号 厦门尚贸家饰工业有限公司责令改正违法行为决定书,2017-11-28,./201802/t20180205_2487434.htm
厦环（监察）改字[2017]71号 厦门新泽石材有限公司责令改正违法行为决定书,2017-11-27,./201802/t20180207_2487433.htm
环（监察）罚决字〔2017〕51号 瑞科际再生能源股份有限公司,2017-11-14,./201807/t20180723_2487432.htm
厦环（监察）罚决字〔2017〕49号 厦杏摩托,2017-11-13,./201807/t20180718_2487431.htm
厦环（监察）罚决字〔2017〕54号 厦门银鹭食品集团有限公司,2017-11-13,./201803/t20180312_2487430.htm
厦环（监察）罚决字[2017]67号 厦门太古起落架维修服务有限公司,2017-10-26,./201710/t20171026_2487429.htm
厦环（监察）罚决字[2017]61号 厦门凯立五金企业有限公司,2017-10-24,./201710/t20171025_2487428.htm
厦环（监察）罚决字[2016]42号 厦门银祥油脂有限公司,2017-10-24,./201710/t20171025_2487427.htm
厦环（监察）罚决字[2017]18号 厦门银祥油脂有限公司,2017-10-24,./201710/t20171025_2487426.htm
厦环（监察）改字[2017]69号 厦门礼诚工艺品有限公司责令改正违法行为决定书,2017-10-23,./201802/t20180207_2487425.htm
厦环（监察）罚决字〔2017〕14号 厦门联晶金属表面处理有限公司,2017-10-13,./201710/t20171020_2487424.htm
厦环（监察）罚决字〔2017〕50号 厦门旺朋电子元件有限公司,2017-10-12,./201710/t20171020_2487423.htm
厦环（监察）改字[2017]61号 厦门凯立五金企业有限公司,2017-10-11,./201710/t20171020_2487422.htm
厦环（监察）罚决字[2017]59号 厦门华虹光学科技有限公司,2017-10-11,./201710/t20171020_2487421.htm
厦环（监察）改字[2017]67号 厦门太古起落架维修服务有限公司,2017-09-29,./201710/t20171020_2487420.htm
厦环（监察）罚决字[2017]66号 厦门东环能源科技有限公司,2017-09-29,./201710/t20171020_2487419.htm
厦环（监察）罚决字[2017]52号 厦门明佑电镀有限公司,2017-09-29,./201710/t20171025_2487418.htm
厦环（监察）改字[2017]66号 厦门东环能源科技有限公司,2017-09-18,./201710/t20171020_2487417.htm
厦环（监察）罚决字〔2017〕58号 厦门华虹光学科技有限公司,2017-09-15,./201710/t20171020_2487416.htm
厦环（监察）罚决字[2017]57号 厦门华虹光学科技有限公司,2017-09-15,./201710/t20171020_2487415.htm
厦环（监察）罚决字[2017]55号 厦门太古起落架维修服务有限公司,2017-09-15,./201710/t20171020_2487414.htm
厦环（监察）罚决字【2017】4号 联晶金属,2017-09-13,./201709/t20170915_2487413.htm
厦环（监察）罚决字【2017】6号 理研工业,2017-09-11,./201709/t20170915_2487411.htm
厦环（监察）罚决字【2017】53号 合锋卫浴,2017-09-11,./201709/t20170915_2487412.htm
厦环（监察）改字【2017】63号 金龙旅行车,2017-09-11,./201709/t20170915_2487410.htm
厦环（监察）改字[2017]65号 厦门礼诚工艺品有限公司责令改正违法行为决定书,2017-09-07,./201802/t20180205_2487409.htm
厦环（监察）改字【2017】65号 礼诚工艺品,2017-09-07,./201709/t20170915_2487408.htm
厦环（监察）罚决字【2017】32号 瑞京金属,2017-08-30,./201709/t20170915_2487407.htm
厦环（监察）罚决字【2017】47号 百城建设,2017-08-29,./201709/t20170915_2487406.htm
厦环（监察）改字【2017】61号 凯立五金,2017-08-26,./201709/t20170915_2487405.htm
厦环（监察）改字【2017】60号 弘信电子,2017-08-25,./201709/t20170915_2487404.htm
厦环（监察）改字【2017】59号 华虹光学,2017-08-25,./201709/t20170915_2487403.htm
厦环（监察）改字【2017】58号 华虹光学责令整改,2017-08-25,./201709/t20170915_2487402.htm
厦环（监察）改字【2017】57号 华虹光学 责令改正决定书,2017-08-25,./201709/t20170915_2487401.htm
厦环（监察）罚决字【2017】15号 合锋卫浴,2017-08-24,./201709/t20170915_2487400.htm
厦门黎明山川家具有限公司责令改正违法行为决定书,2017-08-22,./202106/t20210617_2558459.htm
厦门黎明山川家具有限公司责令改正违法行为决定书,2017-08-22,./202106/t20210617_2558456.htm
厦环（监察）改字【2017】50号 旺朋电子,2017-08-17,./201709/t20170915_2487399.htm
厦环（监察）改字【2017】52号 明佑电镀,2017-08-16,./201709/t20170915_2487398.htm
厦环（监察）改字【2017】55号 太古起落架,2017-08-14,./201709/t20170915_2487397.htm
厦环（监察）改字【2017】54号 银鹭食品,2017-08-14,./201709/t20170915_2487396.htm
厦环（监察）改字【2017】51号 瑞科际,2017-08-11,./201709/t20170915_2487395.htm
厦环（监察）罚决字【2017】46号 太平货柜,2017-08-11,./201709/t20170915_2487393.htm
厦环（监察）罚决字【2017】42号 先锋电镀,2017-08-11,./201709/t20170915_2487394.htm
厦环（监察）改字【2017】53号 合锋卫浴,2017-08-10,./201709/t20170915_2487392.htm
厦环（监察）改字【2017】47号 百城建设.doc,2017-08-09,./201709/t20170915_2487391.htm
厦环（监察）罚决字【2017】41号 喜盈门有限公司,2017-08-03,./201709/t20170915_2487390.htm
厦门市翔安区福之寿果蔬畜专业合作社责令改正违法行为决定书,2017-08-03,./202106/t20210617_2558455.htm
厦环（监察）改字【2017】49号 厦门厦杏摩托有限公司,2017-07-31,./201709/t20170915_2487389.htm
厦门精维实业有限公司责令改正违法行为决定书,2017-07-26,./202106/t20210617_2558450.htm
厦门华景成工贸有限公司责令改正违法行为决定书,2017-07-24,./202106/t20210617_2558452.htm
厦环（监察）罚决字[2016]88号 腾龙特种树脂（厦门）有限公司,2017-07-21,./201707/t20170724_2487388.htm
厦环（监察）改字〔2017〕48号 厦门市市容环境卫生管理处,2017-07-19,./201707/t20170724_2487387.htm
厦环（监察）罚决字〔2017〕37号 先锋（厦门）电镀开发有限公司,2017-07-19,./201707/t20170724_2487386.htm
厦环（监察）罚决字〔2017〕35号 先锋（厦门）电镀开发有限公司,2017-07-19,./201707/t20170724_2487385.htm
厦环（监察）罚决字[2017]45号 厦门市成辉达工贸有限公司,2017-07-19,./201709/t20170908_2487384.htm
厦门市翔安区今典艺术石材经营部责令改正违法行为决定书,2017-07-11,./202106/t20210617_2558443.htm
厦环（监察）罚决字〔2017〕43号 厦门市杏林白鹭包装有限公司,2017-07-10,./201707/t20170724_2487383.htm
厦门市诺鑫模具有限公司责令改正违法行为决定书,2017-07-10,./202106/t20210617_2558441.htm
厦环（监察）改字[2017]45号 厦门市成辉达工贸有限公司,2017-07-05,./201707/t20170724_2487382.htm
厦环（监察）罚决字〔2017〕39号 厦门涌坤喷塑企业有限公司,2017-07-05,./201710/t20171025_2487381.htm
厦环（监察）罚决字[ 2017]26号 厦门喜盈门家具制品有限公司,2017-06-29,./201706/t20170630_2487380.htm
厦环（监察）罚决字[2017]30号 厦门钨业股份有限公司,2017-06-21,./201706/t20170630_2487378.htm
厦环（监察）改字[2017]44号 厦门市同利源电气设备有限公司,2017-06-21,./201706/t20170630_2487379.htm
厦环（监察）罚决字〔2017〕25号 中国电信股份有限公司厦门分公司,2017-06-21,./201706/t20170630_2487376.htm
厦环（监察）罚决字〔2017〕24号 中国联合网络通信有限公司厦门市分公司,2017-06-21,./201706/t20170630_2487377.htm
厦环（监察）罚决字〔2017〕23号 中国移动通信集团福建有限公司厦门分公司,2017-06-21,./201706/t20170630_2487375.htm
厦环（监察）罚决字[2017]38号 厦门市同利源电气设备有限公司,2017-06-19,./201706/t20170630_2487374.htm
厦环（监察）改字[2017]46号 厦门太平货柜制造有限公司,2017-06-15,./201706/t20170630_2487373.htm
厦环（监察）改字[2017]41号 厦门喜盈门家具制品有限公司,2017-06-15,./201706/t20170630_2487372.htm
厦门市车世代汽车服务有限公司责令改正违法行为决定书,2017-06-15,./202106/t20210617_2558440.htm
周平责令改正违法行为决定书,2017-06-14,./202106/t20210617_2558449.htm
厦环（监察）改字〔2017〕43号 厦门市杏林白鹭包装有限公司,2017-06-13,./201706/t20170614_2487371.htm
厦环（监察）改字〔2017〕25号 中国电信股份有限公司厦门分公司,2017-06-12,./201706/t20170614_2487370.htm
厦环（监察）改字〔2017〕23号 中国移动通信集团福建有限公司厦门分公司,2017-06-12,./201706/t20170614_2487369.htm
厦环（监察）改字〔2017〕24号 中国联合网络通信有限公司厦门分公司,2017-06-12,./201706/t20170614_2487368.htm
厦环（监察）改字〔2017〕42号 先锋（厦门）电镀开发有限公司,2017-06-09,./201706/t20170614_2487367.htm
厦环（监察）罚决字[2017]28号 厦门尚贸家饰工业有限公司,2017-06-05,./201706/t20170614_2487366.htm
厦环（监察）责限决字〔2017〕4号 先锋（厦门）电镀开发有限公司,2017-06-05,./201706/t20170614_2487365.htm
厦环（监察）责限决字[2017]3号 厦门市同利源电气设备有限公司,2017-06-02,./201706/t20170614_2487361.htm
厦环（监察）改字〔2017〕39号 厦门涌坤喷塑企业有限公司,2017-05-31,./201706/t20170614_2487360.htm
厦环（监察）罚决字〔2016〕81号 先锋（厦门）电镀开发有限公司,2017-05-26,./201706/t20170601_2487359.htm
厦环（监察）改字[2017]38号 厦门市同利源电气设备有限公司,2017-05-24,./201706/t20170601_2487358.htm
厦环（监察）改字〔2017〕37号 先锋（厦门）电镀开发有限公司,2017-05-24,./201705/t20170526_2487357.htm
厦环（监察）改字〔2017〕35号 先锋（厦门）电镀开发有限公司,2017-05-24,./201705/t20170526_2487356.htm
厦环（监察）责限决字〔2017〕1号 厦门瑞京金属制品有限公司,2017-05-22,./201705/t20170526_2487355.htm
厦环（监察）责限决字[2017]2号 厦门钨业股份有限公司,2017-05-22,./201705/t20170526_2487354.htm
厦门市翔安紫金铁件加工厂责令改正违法行为决定书,2017-05-22,./202106/t20210617_2558448.htm
厦门豫峰五金有限公司责令改正违法行为决定书,2017-05-21,./202106/t20210617_2558442.htm
厦环（监察）改字[2017]34号 厦门搏捷电镀有限公司,2017-05-19,./201705/t20170526_2487353.htm
厦环（监察）改字[2017]28号 厦门尚贸家饰工业有限公司,2017-05-19,./201705/t20170526_2487352.htm
厦环（监察）罚决字〔2017〕5号 东洲（厦门）纺织有限公司,2017-05-19,./201705/t20170525_2487351.htm
厦门市翔安紫金铁件加工厂责令停止排污决定书,2017-05-13,./202106/t20210617_2558446.htm
厦环（监察）改字[2017]30号 厦门钨业股份有限公司,2017-05-12,./201705/t20170516_2487350.htm
厦环（监察）改字[2017]26号 厦门喜盈门家具制品有限公司,2017-05-12,./201705/t20170516_2487349.htm
厦环（监察）改字[2016]88号 腾龙特种树脂（厦门）有限公司,2017-05-11,./201705/t20170516_2487348.htm
厦环（监察）改字[2017]32号 厦门瑞京金属制品有限公司,2017-05-10,./201705/t20170516_2487347.htm
厦环（监察）罚决字[2017]21号 朗力（厦门）机械制造有限公司,2017-05-10,./201705/t20170516_2487346.htm
厦门翔明三榕树建材有限公司责令改正违法行为决定书,2017-05-06,./202106/t20210617_2558444.htm
厦环（监察）改字[2017]29号 厦门水务中环污水处理有限公司（同安）,2017-05-04,./201705/t20170516_2487345.htm
厦环（监察）改字[2017]22号 厦门水务中环污水处理有限公司,2017-04-27,./201704/t20170427_2487344.htm
厦环（监察）改字[2017]18号 厦门银祥油脂有限公司,2017-04-27,./201704/t20170427_2487343.htm
厦环（监察）罚决字[2017]16号 厦门华铃集团有限公司,2017-04-27,./201704/t20170427_2487342.htm
厦环（监察）罚决字[2017]8号 厦门华纶印染有限公司,2017-04-27,./201704/t20170427_2487341.htm
厦环（监察）罚决字[2016]83号 厦门太平货柜制造有限公司,2017-04-11,./201704/t20170411_2487340.htm
厦环（监察）改字〔2017〕19号 厦门天重钢结构有限公司,2017-04-07,./201704/t20170410_2487339.htm
厦环（监察）罚决字[2015]123号 厦门三荣陶瓷开发有限公司,2017-03-29,./201704/t20170410_2487338.htm
厦环（监察）改字[2017]21号 朗力（厦门）机械制造有限公司,2017-03-28,./201703/t20170328_2487337.htm
厦环（监察）改字〔2017〕15号 合锋卫浴（厦门）有限公司,2017-03-28,./201703/t20170328_2487336.htm
厦环（监察）改字〔2017〕17号 厦门客来斯光学工业有限公司,2017-03-23,./201703/t20170323_2487335.htm
厦环（监察）改字[2017] 16号厦门华铃集团有限公司,2017-03-23,./201703/t20170323_2487333.htm
厦环（监察）改字[2017]14号 厦门联晶金属表面处理有限公司,2017-03-23,./201703/t20170323_2487334.htm
厦环（监察）罚决字[2017]9号 福莱帕特（厦门）航空部件服务有限公司,2017-03-23,./201703/t20170323_2487332.htm
厦环（监察）罚决字[2017]2号厦门新安泰发工业有限公司,2017-03-13,./201703/t20170313_2487330.htm
厦环（监察）罚决字[2017]1号厦门明佑电镀有限公司,2017-03-13,./201703/t20170313_2487331.htm
中硅索纳（厦门）新能源有限公司责令改正违法行为决定书,2017-03-09,./202106/t20210617_2558439.htm
厦环（监察）罚决字[2016]86号厦门欣建雅工贸有限公司,2017-02-24,./201702/t20170224_2487329.htm
厦环（监察）罚决字[2016]84号 福莱帕特（厦门）航空部件服务有限公司,2017-02-24,./201702/t20170224_2487328.htm
厦环（监察）改字[2017]9号 福莱帕特（厦门）航空部件服务有限公司,2017-02-24,./201702/t20170224_2487327.htm
厦环（监察）改字〔2017〕8号 厦门华纶印染有限公司,2017-02-24,./201702/t20170224_2487326.htm
厦环（监察）罚决字[2016]85号厦门正福表面处理有限公司,2017-02-09,./201702/t20170209_2487325.htm
厦环（监察）改字〔2017〕6号 厦门理研工业有限公司,2017-02-08,./201702/t20170209_2487323.htm
厦环（监察）改字〔2017〕5号 东洲（厦门）纺织有限公司,2017-02-08,./201702/t20170209_2487324.htm
厦环（监察）改字[2017]4号 厦门联晶金属表面处理有限公司,2017-02-08,./201702/t20170209_2487321.htm
厦环（监察）改字〔2017〕3号 厦门峻鸿环境固废处置有限公司,2017-02-08,./201702/t20170209_2487322.htm
厦环（监察）改字[2017]2号厦门新安泰发工业有限公司,2017-02-08,./201702/t20170209_2487319.htm
厦环（监察）改字[2017]1号厦门明佑电镀有限公司,2017-02-08,./201702/t20170209_2487320.htm
厦环（监察）罚决字[2016]87号 厦门世凯威包装工业有限公司,2017-01-18,./201702/t20170204_2487318.htm
厦环（监察）改字[2016]87号 厦门世凯威包装工业有限公司,2016-12-28,./201702/t20170204_2487317.htm
厦环（监察）改字[2016]86号厦门欣建雅工贸有限公司,2016-12-20,./201612/t20161222_2487316.htm
厦环（监察）改字[2016]85号厦门正福表面处理有限公司,2016-12-20,./201612/t20161222_2487315.htm
厦环（监察）改字[2016]84号福莱帕特（厦门）航空部件服务有限公司,2016-12-20,./201612/t20161222_2487314.htm
厦环（监察）改字[2016]83号厦门太平货柜制造有限公司,2016-12-20,./201612/t20161222_2487313.htm
厦环（监察）罚决字[2016]66号厦门东纶股份有限公司,2016-12-01,./201612/t20161211_2487312.htm
厦环（监察）罚决字〔2016〕64号聚祥（厦门）淀粉有限公司,2016-12-01,./201612/t20161213_2487311.htm
厦环（监察）罚决字〔2016〕80号尚昇光学（厦门）有限公司,2016-11-30,./201612/t20161211_2487310.htm
厦环（监察）罚决字〔2016〕79号尚昇光学（厦门）有限公司,2016-11-30,./201612/t20161211_2487309.htm
厦环（监察）罚决字〔2016〕82号聚祥（厦门）淀粉有限公司,2016-11-29,./201612/t20161211_2487308.htm
厦环（监察）罚决字〔2016〕68号新格（厦门）化纤织造染整有限公司,2016-11-29,./201612/t20161211_2487307.htm
厦环（监察）责限决字[2016]1号新格（厦门）化纤织造染整有限公司,2016-11-29,./201612/t20161211_2487306.htm
厦环（监察）罚决字〔2016〕67号东洲（厦门）纺织有限公司,2016-11-29,./201612/t20161211_2487305.htm
厦环（监察）罚决字[2016]59号诚展光学（厦门）有限公司,2016-11-24,./201612/t20161211_2487304.htm
厦环（监察）罚决字[ 2016 ]65号厦门福寿实业有限公司,2016-11-23,./201612/t20161211_2487303.htm
厦环（监察）罚决字[2016]75号厦门美美餐具工业有限公司,2016-11-23,./201612/t20161211_2487302.htm
厦环（监察）罚决字[ 2016 ]69号厦门太平货柜制造有限公司,2016-11-23,./201612/t20161211_2487301.htm
厦环（监察）罚决字[2016]74号厦门众视眼镜工业有限公司,2016-11-22,./201612/t20161211_2487300.htm
厦环（监察）罚决字〔2016〕47号厦门瑞新热电有限公司,2016-11-22,./201612/t20161211_2487299.htm
厦环（监察）罚决字〔2016〕46号厦门瑞新热电有限公司,2016-11-22,./201612/t20161211_2487298.htm
厦环（监察）罚决字[2016]76号爱美景（厦门）模特衣架有限公司,2016-11-22,./201612/t20161211_2487297.htm
厦环（监察）罚决字〔2016〕71号厦门兴立工业有限公司,2016-11-19,./201612/t20161211_2487296.htm
厦环（监察）罚决字〔2016〕70号厦门双瑞船舶涂料有限公司,2016-11-19,./201612/t20161211_2487295.htm
厦环（监察）罚决字〔2016〕77号厦门双瑞船舶涂料有限公司,2016-11-19,./201612/t20161211_2487294.htm
厦环（监察）改字[2016]66号厦门东纶股份有限公司,2016-11-19,./201612/t20161211_2487293.htm
厦环（监察）罚决字[ 2016 ]52号厦门东纶股份有限公司,2016-11-19,./201612/t20161211_2487292.htm
厦环（监察）罚决字[ 2016 ]62号厦门敦海艺品有限公司,2016-11-19,./201612/t20161211_2487291.htm
厦环（监察）改字〔2016〕82号聚祥（厦门）淀粉有限公司,2016-11-19,./201612/t20161211_2487290.htm
厦环（监察）罚决字〔2016〕56号厦门姚明织带饰品有限公司,2016-11-18,./201612/t20161211_2487289.htm
厦环（监察）罚决字[ 2016 ]61号厦门金达威维生素有限公司,2016-11-18,./201612/t20161211_2487288.htm
厦环（监察）罚决字〔2016〕60号厦门吉宏包装科技股份有限公司,2016-11-18,./201612/t20161211_2487287.htm
厦环（监察）罚决字[2016]50号厦门华铃集团有限公司,2016-11-18,./201612/t20161211_2487286.htm
厦环（监察）罚决字[ 2016 ]73号厦门群鑫机械工业有限公司,2016-11-18,./201612/t20161211_2487285.htm
厦环（监察）罚决字〔2016〕48号新格（厦门）化纤织造染整有限公司,2016-11-18,./201612/t20161211_2487284.htm
厦环（监察）罚决字[ 2016 ]72号通达（厦门）科技有限公司,2016-11-18,./201612/t20161211_2487283.htm
厦环（监察）罚决字[2016]63号厦门工程机械制动器厂,2016-11-18,./201612/t20161211_2487282.htm
厦环（监察）罚决字[ 2016 ]51号亚美（厦门）皮件有限公司,2016-11-17,./201612/t20161211_2487281.htm
厦环（监察）罚决字[ 2016 ]49号腾龙特种树脂（厦门）有限公司,2016-11-16,./201612/t20161211_2487280.htm
厦环（监察）改字[2016]74号厦门众视眼镜工业有限公司,2016-11-14,./201612/t20161211_2487279.htm
厦环（监察）改字〔2016〕80号尚昇光学（厦门）有限公司,2016-11-12,./201612/t20161211_2487278.htm
厦环（监察）改字〔2016〕79号尚昇光学（厦门）有限公司,2016-11-12,./201612/t20161211_2487277.htm
厦环（监察）改字[2016]65号厦门福寿实业有限公司,2016-11-11,./201612/t20161209_2487276.htm
厦环（监察）罚决字[ 2016 ]3号ECCO皮革（厦门）有限公司,2016-11-11,./201612/t20161209_2487275.htm
厦环（监察）罚决字[2016]57号厦门太平货柜制造有限公司,2016-11-11,./201612/t20161209_2487274.htm
厦环（监察）改字〔2016〕71号厦门兴立工业有限公司,2016-11-11,./201612/t20161209_2487273.htm
厦环（监察）改字[2016]69号厦门太平货柜制造有限公司,2016-11-11,./201611/t20161114_2487272.htm
厦环（监察）改字〔2016〕77号厦门双瑞船舶涂料有限公司,2016-11-10,./201611/t20161114_2487271.htm
厦环（监察）改字〔2016〕70号厦门双瑞船舶涂料有限公司,2016-11-10,./201611/t20161114_2487270.htm
厦环（监察）改字[2016]75号厦门美美餐具工业有限公司,2016-11-10,./201611/t20161114_2487269.htm
厦环（监察）改字[2016]76号爱美景（厦门）模特衣架有限公司,2016-11-09,./201611/t20161114_2487268.htm
厦环（监察）改字[2016]62号厦门敦海艺品有限公司,2016-11-09,./201611/t20161114_2487267.htm
厦环（监察）改字[2016]63号厦门工程机械制动器厂,2016-11-08,./201611/t20161114_2487266.htm
厦环（监察）改字[2016]72号通达（厦门）科技有限公司,2016-11-08,./201611/t20161114_2487265.htm
厦环（监察）改字〔2016〕60号厦门吉宏包装科技股份有限公司,2016-11-08,./201611/t20161114_2487264.htm
厦环（监察）改字〔2016〕68号新格（厦门）化纤织造染整有限公司,2016-11-07,./201611/t20161114_2487263.htm
厦环（监察）改字[2016]73号厦门群鑫机械工业有限公司,2016-11-07,./201611/t20161114_2487262.htm
厦环（监察）罚决字[2016]20号厦门银祥油脂有限公司,2016-11-07,./201611/t20161114_2487261.htm
厦环（监察）改字〔2016〕67号东洲（厦门）纺织有限公司,2016-11-07,./201611/t20161114_2487260.htm
厦环（监察）罚决字〔2016〕54号厦门路桥建设集团有限公司,2016-11-05,./201611/t20161114_2487259.htm
厦环（监察）罚决字[2016]7号厦门银祥油脂有限公司,2016-11-05,./201611/t20161114_2487258.htm
厦环（监察）改字[2016]61号厦门金达威维生素有限公司,2016-11-03,./201611/t20161114_2487257.htm
厦环（监察）改字[2016]64号聚祥（厦门）淀粉有限公司,2016-11-02,./201611/t20161114_2487256.htm
厦环（监察）罚决字〔2016〕41号 厦门三荣陶瓷开发有限公司,2016-10-26,./201611/t20161103_2487255.htm
厦环（监察）改字[2016]58号,2016-10-21,./201611/t20161103_2487254.htm
厦环（监察）改字[2016]57号 厦门太平货柜制造有限公司,2016-10-21,./201611/t20161103_2487253.htm
厦环（监察）改字[2016]56号厦门姚明织带责令改正决定书,2016-10-14,./201610/t20161031_2487252.htm
厦环（监察）改字[2016]59号 诚展光学（厦门）有限公司,2016-10-14,./201610/t20161031_2487251.htm
厦环（监察）改字〔2016〕54号 厦门路桥建设集团有限公司,2016-09-30,./201610/t20161031_2487250.htm
厦环（监察）罚决字[ 2016 ]40号 厦门惠尔康食品有限公司,2016-09-29,./201610/t20161018_2487249.htm
厦环（监察）改字[2016]50号厦门华铃集团有限公司,2016-09-20,./201609/t20160920_2487248.htm
厦环（监察）改字[2016]52号厦门东纶股份有限公司,2016-09-19,./201609/t20160919_2487247.htm
厦环（监察）改字[2016]51号亚美皮件（厦门）有限公司,2016-09-19,./201609/t20160919_2487245.htm
厦环（监察）改字[2016]49号腾龙特种树脂（厦门）有限公司,2016-09-19,./201609/t20160919_2487246.htm
厦环（监察）改字[2016]48号新格（厦门）化纤织造染整有限公司,2016-09-14,./201609/t20160919_2487244.htm
厦环（监察）罚决字[ 2016 ]45号 厦门中禾实业有限公司,2016-09-14,./201609/t20160918_2487243.htm
厦环（监察）罚决字[2016]39号厦门新安泰发工业有限公司,2016-09-14,./201609/t20160918_2487242.htm
厦环（监察）改字[2016]47号 厦门瑞新热电有限公司,2016-09-01,./201609/t20160902_2487240.htm
厦环（监察）改字[2016]46号 厦门瑞新热电有限公司,2016-09-01,./201609/t20160902_2487241.htm
厦环（监察）罚决字[ 2016 ]44号明达实业（厦门）有限公司,2016-09-01,./201609/t20160902_2487239.htm
厦环（监察）改字〔2016〕41号 厦门三荣陶瓷开发有限公司,2016-08-30,./201609/t20160902_2487238.htm
厦环（监察）罚决字[2016]24号厦门侨兴工业有限公司,2016-08-19,./201608/t20160822_2487237.htm
厦环（监察）罚决字〔2016〕9号厦门欣建雅工贸处罚决定书,2016-08-18,./201608/t20160822_2487236.htm
厦环（监察）罚决字[ 2016 ]43号腾龙特种树脂（厦门）有限公司,2016-08-15,./201608/t20160822_2487235.htm
厦环（监察）改字[2016]45号厦门市中禾实业有限公司,2016-08-15,./201608/t20160822_2487234.htm
厦环（监察）罚决字[2016]36号厦门泓信超细纤维材料有限公司,2016-08-09,./201608/t20160822_2487233.htm
厦环（监察）罚决字[ 2016]35号厦门中坤生物科技有限公司,2016-08-02,./201608/t20160822_2487232.htm
厦环（监察）改字[2016]44号明达实业（厦门）有限公司,2016-07-29,./201608/t20160805_2487231.htm
厦环（监察）改字[2016]43号腾龙特种树脂（厦门）有限公司,2016-07-29,./201608/t20160805_2487230.htm
厦环（监察）改字[2016]42号厦门银祥油脂有限公司,2016-07-29,./201608/t20160805_2487229.htm
厦环（监察）罚决字〔2016〕33号厦门吉源企业有限公司,2016-07-19,./201608/t20160805_2487228.htm
厦环（监察）罚决字〔2016〕38号合锋卫浴（厦门）有限公司,2016-07-12,./201607/t20160726_2487227.htm
厦环（监察）罚决字〔2016〕14号来明工业（厦门）有限公司,2016-07-06,./201607/t20160726_2487226.htm
厦环（监察）罚决字[2016]34号 厦门市麒龙纸业有限公司,2016-07-05,./201607/t20160721_2487225.htm
厦环（监察）罚决字[2016]5号 诚展光学（厦门）有限公司,2016-07-04,./201607/t20160704_2487224.htm
厦环（监察）罚决字[2016]31号厦门金龙旅行车有限公司,2016-07-04,./201607/t20160721_2487223.htm
厦环（监察）罚决字[2016]17号腾龙特种树脂（厦门）有限公司,2016-07-04,./201607/t20160721_2487222.htm
厦环（监察）罚决字〔2016〕25号厦门成联五金制造有限公司,2016-07-04,./201607/t20160726_2487221.htm
厦环（监察）罚决字[2016]29号厦门尚贸家饰工业有限公司,2016-06-29,./201607/t20160721_2487220.htm
厦环（监察）罚决字[2016]10号厦门市同利源电气设备有限公司,2016-06-27,./201607/t20160704_2487219.htm
厦环（监察）罚决字〔2016〕28号厦门市金宝源实业有限公司,2016-06-24,./201607/t20160704_2487218.htm
厦环（监察）罚决字[2016]26号厦门正福表面处理有限公司,2016-06-20,./201607/t20160704_2487217.htm
厦环（监察）罚决字[2016]21号厦门虹鹭钨钼工业有限公司,2016-06-20,./201607/t20160704_2487216.htm
厦环（监察）罚决字[2016]11号厦门联晶金属表面处理有限公司,2016-06-20,./201607/t20160704_2487215.htm
厦环（监察）罚决字[2016]1号厦门华铃集团有限公司,2016-06-20,./201607/t20160704_2487214.htm
厦环（监察）罚决字[ 2016 ]22号厦门船舶重工股份有限公司,2016-06-17,./201607/t20160704_2487213.htm
厦环(机)罚决字[2016] 40号厦门市拓盛保洁工程有限公司,2016-05-24,./201605/t20160524_2487212.htm
厦环（监察）改字〔2016〕28号 厦门市金宝源实业有限公司,2016-05-18,./201605/t20160518_2487210.htm
厦环（监察）改字〔2016〕25号 厦门成联五金制造有限公司,2016-05-18,./201605/t20160518_2487211.htm
厦环（监察）罚决字〔2015〕132号 厦门成联五金制造有限公司,2016-05-18,./201605/t20160518_2487208.htm
厦环（监察）罚决字[2016]12号 厦门华纶印染有限公司,2016-05-18,./201605/t20160518_2487209.htm
厦环（监察）改字[2016]26号 厦门正福表面处理有限公司,2016-05-18,./201605/t20160518_2487207.htm
厦环（监察）改字[2016]24号 厦门侨兴工业有限公司,2016-05-18,./201605/t20160518_2487206.htm
厦环（监察）罚决字[2016]15号 厦门搏捷电镀有限公司,2016-05-18,./201605/t20160518_2487205.htm
厦环（监察）罚决字[2016]8号 厦门正福表面处理有限公司,2016-05-18,./201605/t20160518_2487204.htm
厦环（监察）改字[2016]21号虹鹭钨钼,2016-04-11,./201604/t20160411_2487203.htm
厦环（监察）改字[2016]20号银祥油脂,2016-04-11,./201604/t20160411_2487201.htm
厦环（监察）改字[2016]19号 厦门天马微电子有限公司,2016-04-11,./201604/t20160411_2487202.htm
厦环（监察）改字【2016】18号 厦门天马微电子有限公司,2016-04-11,./201604/t20160411_2487200.htm
厦环（监察）改字[2016]7号厦门银祥油脂有限公司,2016-04-11,./201604/t20160411_2487198.htm
厦环（监察）罚诀字【2015】138号 厦门联晶金属表面处理有限公司,2016-04-11,./201604/t20160411_2487199.htm
厦环（监察）罚决字[2015]136号厦门市同利源电气设备有限公司,2016-04-11,./201604/t20160411_2487197.htm
厦环（监察）改字[2016]15号博捷责令改决定书,2016-03-25,./201603/t20160325_2487196.htm
厦环（监察）罚决字[2015]139号欣建雅,2016-03-25,./201603/t20160325_2487194.htm
厦环（监察）罚决字[2015]135号 正福表面,2016-03-25,./201603/t20160325_2487195.htm
厦环（监察）罚决字[2015]126号 瑞士达,2016-03-25,./201603/t20160325_2487193.htm
厦环（监察）罚决字[2015]97号 华茂光学,2016-03-25,./201603/t20160325_2487191.htm
厦环（监察）罚决字[2015]90号 正福表面,2016-03-25,./201603/t20160325_2487192.htm
厦环（监察）改字[2016]16集美水厂,2016-03-25,./201603/t20160325_2487190.htm
厦环（监察）改字[2016]10号 同利源,2016-03-15,./201603/t20160315_2487188.htm
厦环（监察）改字[2016]9号 欣建雅,2016-03-15,./201603/t20160315_2487189.htm
厦环（监察）改字[2016]8号 正福,2016-03-15,./201603/t20160315_2487187.htm
厦环（监察）改字[2016]6号腾龙,2016-03-15,./201603/t20160315_2487186.htm
厦环（监察）改字[2016]5号 诚展光学（厦门）有限公司,2016-03-15,./201603/t20160315_2487184.htm
厦环（监察）改字【2016】12号 华纶印染,2016-03-15,./201603/t20160315_2487185.htm
厦环（监察）改字【2016】11号 联晶金属,2016-03-15,./201603/t20160315_2487182.htm
厦环（监察）罚决字【2015】129号 联晶金属,2016-03-15,./201603/t20160315_2487183.htm
厦环（监察）罚决字【2015】127号 厦门客来斯光学工业有限公司,2016-03-15,./201603/t20160315_2487181.htm
厦环（监察）罚决字【2015】124号 厦门新安泰发工业有限公司,2016-03-15,./201603/t20160315_2487180.htm
厦环（监察）罚决字【2015】122号 厦门姚明织带饰品有限公司,2016-03-15,./201603/t20160315_2487179.htm
厦环（监察）改字[2016]4号 华懋（厦门）织造染整有限公司,2016-02-26,./201602/t20160226_2487178.htm
厦环（监察）改字[2016]3号 ECCO皮革（厦门）有限公司,2016-02-26,./201602/t20160226_2487177.htm
厦环（监察）改字[2016] 1号 厦门华铃集团有限公司,2016-02-26,./201602/t20160226_2487176.htm
厦环（监察）改字[2015]139号 厦门欣建雅工贸有限公司,2016-02-26,./201602/t20160226_2487175.htm
厦环（监察）改字[2015]138号 厦门联晶金属表面处理有限公司,2016-02-26,./201602/t20160226_2487173.htm
厦环（监察）改字[2015]137号 厦门同集热电有限公司,2016-02-26,./201602/t20160226_2487174.htm
厦环（监察）改字[2015]136号 厦门市同利源电气设备有限公司,2016-02-26,./201602/t20160226_2487172.htm
厦环（监察）改字[2015]135号 厦门正福表面处理有限公司,2016-02-26,./201602/t20160226_2487170.htm
厦环（监察）改字[2015]134号 厦门市东部固体废弃物处理中心,2016-02-26,./201602/t20160226_2487171.htm
厦环（监察）改字[2015]132号 厦门成联五金制造有限公司,2016-02-26,./201602/t20160226_2487168.htm
厦环（监察）改字[2015]131号 厦门市东部固体废弃物处理中心,2016-02-26,./201602/t20160226_2487169.htm
厦环（监察）改字[2015]130号 华懋（厦门）织造染整有限公司,2016-02-26,./201602/t20160226_2487166.htm
厦环（监察）改字[2015]129号 厦门联晶金属表面处理有限公司,2016-02-26,./201602/t20160226_2487167.htm
厦环（监察）改字[2015]121号 厦门成联五金制造有限公司,2016-02-26,./201602/t20160226_2487165.htm
厦环（监察）改字[2015]117号 厦门中坤生物有限公司,2016-02-26,./201602/t20160226_2487163.htm
厦环（监察）改字[2015]113号 厦门绿泉实业有限公司,2016-02-26,./201602/t20160226_2487164.htm
厦环（监察）罚决字[2015]133号 华茂光学工业（厦门）有限公司,2016-02-26,./201602/t20160226_2487162.htm
厦环（监察）罚决字[2015]130号 华懋（厦门）织造染整有限公司,2016-02-26,./201602/t20160226_2487161.htm
厦环（监察）罚决字[2015]128号 厦门泰利眼镜工业有限公司,2016-02-26,./201602/t20160226_2487160.htm
厦环（监察）罚决字[2015]121号 厦门成联五金制造有限公司,2016-02-26,./201602/t20160226_2487159.htm
厦环（监察）罚决字[2015]120号 厦门成鑫忠针织有限公司,2016-02-26,./201602/t20160226_2487158.htm
厦环（监察）罚决字[2015]113号 厦门绿泉实业有限公司,2016-02-26,./201602/t20160226_2487157.htm
厦环（监察）罚决字[2015]112号 厦门亿香肉类联合加工有限公司,2016-02-26,./201602/t20160226_2487155.htm
厦环（监察）罚决字[2015]110号 厦门福太洋伞有限公司,2016-02-26,./201602/t20160226_2487156.htm
厦环（监察）罚决字[2015]107号 厦门太平货柜制造有限公司,2016-02-26,./201602/t20160226_2487154.htm
厦环（监察）罚决字[2015]105号 厦门正新橡胶工业有限公司,2016-02-26,./201602/t20160226_2487153.htm
厦环（监察）罚决字[2015]104号 厦门市广和源工贸有限公司,2016-02-26,./201602/t20160226_2487152.htm
厦环（监察）罚决字[2015]92号 厦门金越电器有限公司,2016-02-26,./201602/t20160226_2487151.htm
厦环（监察）罚决字[2015]76号 厦门绿泉实业有限公司,2016-02-26,./201602/t20160226_2487150.htm
责令改正违法行为决定书（厦门嘉康饲料有限公司）,2015-12-30,./201512/t20151230_2487149.htm
责令改正违法行为决定书（厦门泰利眼镜工业有限公司）,2015-12-30,./201512/t20151230_2487148.htm
责令改正违法行为决定书（厦门客来斯光学工业有限公司）,2015-12-30,./201512/t20151230_2487147.htm
责令改正违法行为决定书（厦门新安泰发工业有限公司）,2015-12-30,./201512/t20151230_2487145.htm
责令改正违法行为决定书（厦门三荣陶瓷开发有限公司）,2015-12-30,./201512/t20151230_2487146.htm
责令改正违法行为决定书（厦门姚明织带饰品有限公司）,2015-12-30,./201512/t20151230_2487144.htm
责令改正违法行为决定书（厦门成联五金制造有限公司）,2015-12-30,./201512/t20151230_2487143.htm
责令改正违法行为决定书（厦门成鑫忠针织有限公司）,2015-12-30,./201512/t20151230_2487142.htm
责令改正违法行为决定书（厦门银鹭食品集团有限公司）,2015-12-30,./201512/t20151230_2487141.htm
责令改正违法行为决定书（厦门福太洋伞有限公司）,2015-12-30,./201512/t20151230_2487140.htm
责令改正违法行为决定书（厦门正新橡胶工业有限公司）,2015-12-30,./201512/t20151230_2487139.htm
责令改正违法行为决定书（厦门客来斯光学工业有限公司）,2015-12-30,./201512/t20151230_2487138.htm
责令改正违法行为决定书（厦门金越电器有限公司）,2015-12-30,./201512/t20151230_2487137.htm
责令改正违法行为决定书（厦门成联五金制造有限公司）,2015-12-30,./201512/t20151230_2487135.htm
责令改正违法行为决定书（厦门华纶印染有限公司）,2015-12-30,./201512/t20151230_2487136.htm
责令改正违法行为决定书（厦门荣联五金工业有限公司）,2015-12-30,./201512/t20151230_2487133.htm
责令改正违法行为决定书（厦门银鹭食品集团有限公司）,2015-12-30,./201512/t20151230_2487134.htm
责令改正违法行为决定书（东洲（厦门）纺织有限公司）,2015-12-30,./201512/t20151230_2487132.htm
责令改正违法行为决定书（厦门瑞新热电有限公司）,2015-12-30,./201512/t20151230_2487131.htm
责令改正违法行为决定书（厦门华纶印染有限公司）,2015-12-30,./201512/t20151230_2487129.htm
责令改正违法行为决定书（厦门姚明织带饰品有限公司）,2015-12-30,./201512/t20151230_2487130.htm
责令改正违法行为决定书（东洲（厦门）纺织有限公司）,2015-12-30,./201512/t20151230_2487127.htm
责令改正违法行为决定书（厦门华纶印染有限公司）,2015-12-30,./201512/t20151230_2487128.htm
责令改正违法行为决定书（厦门荣联五金工业有限公司）,2015-12-30,./201512/t20151230_2487126.htm
责令改正违法行为决定书（厦门福太洋伞有限公司）,2015-12-30,./201512/t20151230_2487124.htm
责令改正违法行为决定书（祥达光学（厦门）有限公司）,2015-12-30,./201512/t20151230_2487125.htm
责令改正违法行为决定书（厦门市昊昱工贸有限公司）,2015-12-30,./201512/t20151230_2487123.htm
责令改正违法行为决定书（厦门瑞新热电有限公司）,2015-12-30,./201512/t20151230_2487122.htm
责令改正违法行为决定书（厦门姚明织带饰品有限公司（杏美路厂区））,2015-12-30,./201512/t20151230_2487120.htm
责令改正违法行为决定书（厦门福太洋伞有限公司）,2015-12-30,./201512/t20151230_2487121.htm
责令改正违法行为决定书（厦门客来斯光学工业有限公司）,2015-12-30,./201512/t20151230_2487119.htm
责令改正违法行为决定书（厦门姚明织带饰品有限公司（杏美路厂区））,2015-12-30,./201512/t20151230_2487118.htm
责令改正违法行为决定书（厦门银华机械有限公司）,2015-12-30,./201512/t20151230_2487117.htm
责令改正违法行为决定书（厦门东海洋水产品有限公司）,2015-12-30,./201512/t20151230_2487115.htm
责令改正违法行为决定书（厦门华纶印染有限公司）,2015-12-30,./201512/t20151230_2487116.htm
责令改正违法行为决定书（东洲（厦门）纺织有限公司）,2015-12-30,./201512/t20151230_2487113.htm
责令改正违法行为决定书（裕兴螺丝（厦门）工业有限公司）,2015-12-30,./201512/t20151230_2487114.htm
责令改正违法行为决定书（厦门银鹭食品集团有限公司）,2015-12-30,./201512/t20151230_2487112.htm
责令改正违法行为决定书（厦门成联五金制造有限公司）,2015-12-30,./201512/t20151230_2487111.htm
责令改正违法行为决定书（先锋（厦门）电镀开发有限公司）,2015-12-29,./201512/t20151229_2487110.htm
责令改正违法行为决定书（先锋（厦门）电镀开发有限公司）,2015-12-29,./201512/t20151229_2487108.htm
责令改正违法行为决定书（厦门东海洋水产品有限公司）,2015-12-29,./201512/t20151229_2487109.htm
责令改正违法行为决定书（厦门银鹭食品集团有限公司）,2015-12-29,./201512/t20151229_2487107.htm
责令改正违法行为决定书（厦门联晶金属表面处理有限公司）,2015-12-29,./201512/t20151229_2487105.htm
责令改正违法行为决定书（厦门联晶金属表面处理有限公司）,2015-12-29,./201512/t20151229_2487106.htm
责令改正违法行为决定书（厦门联晶金属表面处理有限公司）,2015-12-29,./201512/t20151229_2487104.htm
责令改正违法行为决定书（厦门泰利眼镜工业有限公司）,2015-12-29,./201512/t20151229_2487102.htm
责令改正违法行为决定书（厦门联晶金属表面处理有限公司）,2015-12-29,./201512/t20151229_2487103.htm
责令改正违法行为决定书（厦门联晶金属表面处理有限公司）,2015-12-29,./201512/t20151229_2487101.htm
责令改正违法行为决定书（厦门泰利眼镜工业有限公司）,2015-12-29,./201512/t20151229_2487099.htm
责令改正违法行为决定书（厦门瑞京金属制品有限公司）,2015-12-29,./201512/t20151229_2487100.htm
责令改正违法行为决定书（华茂光学工业（厦门）有限公司）,2015-12-29,./201512/t20151229_2487098.htm
责令改正违法行为决定书（瑞世达科技（厦门）有限公司）,2015-12-29,./201512/t20151229_2487097.htm
责令改正违法行为决定书（东洲（厦门）纺织有限公司）,2015-12-29,./201512/t20151229_2487095.htm
责令改正违法行为决定书（厦门绿泉实业有限公司）,2015-12-29,./201512/t20151229_2487096.htm
责令改正违法行为决定书（厦门亿香肉类联合加工有限公司）,2015-12-29,./201512/t20151229_2487094.htm
责令改正违法行为决定书（厦门太平货柜制造有限公司）,2015-12-29,./201512/t20151229_2487093.htm
责令改正违法行为决定书（厦门市广和源工贸有限公司）,2015-12-29,./201512/t20151229_2487092.htm
责令改正违法行为决定书（厦门搏捷电镀有限公司）,2015-12-29,./201512/t20151229_2487091.htm
责令改正违法行为决定书（厦门华夏国际电力发展有限公司）,2015-12-29,./201512/t20151229_2487089.htm
责令改正违法行为决定书（厦门民兴工业有限公司）,2015-12-29,./201512/t20151229_2487090.htm
责令改正违法行为决定书（华茂光学工业（厦门）有限公司）,2015-12-29,./201512/t20151229_2487087.htm
责令改正违法行为决定书（厦门亿香肉类联合加工有限公司）,2015-12-29,./201512/t20151229_2487088.htm
责令改正违法行为决定书（厦门正福表面处理有限公司）,2015-12-29,./201512/t20151229_2487086.htm
责令改正违法行为决定书（厦门惠尔康食品有限公司）,2015-12-29,./201512/t20151229_2487085.htm
责令改正违法行为决定书（厦门正福表面处理有限公司）,2015-12-29,./201512/t20151229_2487084.htm
责令改正违法行为决定书（厦门华铃集团有限公司）,2015-12-29,./201512/t20151229_2487083.htm
责令改正违法行为决定书（厦门绿泉实业有限公司）,2015-12-29,./201512/t20151229_2487081.htm
责令改正违法行为决定书（德彦纸业（厦门）有限公司）,2015-12-29,./201512/t20151229_2487082.htm
责令改正违法行为决定书（德彦纸业（厦门）有限公司）,2015-12-29,./201512/t20151229_2487080.htm
责令改正违法行为决定书（德彦纸业（厦门）有限公司）,2015-12-29,./201512/t20151229_2487079.htm
责令改正违法行为决定书（厦门正福表面处理有限公司）,2015-12-29,./201512/t20151229_2487078.htm
责令改正违法行为决定书（厦门华诚实业有限公司),2015-12-29,./201512/t20151229_2487077.htm
责令改正违法行为决定书（德彦纸业（厦门）有限公司）,2015-12-29,./201512/t20151229_2487076.htm
责令改正违法行为决定书（厦门银祥肉业有限公司）,2015-12-29,./201512/t20151229_2487075.htm
责令改正违法行为决定书（华懋（厦门）织造染整有限公司）,2015-12-29,./201512/t20151229_2487074.htm
责令改正违法行为决定书（华茂光学工业（厦门）有限公司）,2015-12-29,./201512/t20151229_2487073.htm
责令改正违法行为决定书（厦门新阳热电有限公司）,2015-12-29,./201512/t20151229_2487072.htm
责令改正违法行为决定书（大胜窑业建设开发（厦门）有限公司）,2015-12-29,./201512/t20151229_2487071.htm
责令改正违法行为决定书（厦门惠尔康食品有限公司）,2015-12-29,./201512/t20151229_2487070.htm
责令改正违法行为决定书（厦门华铃集团有限公司）,2015-12-29,./201512/t20151229_2487069.htm
责令改正违法行为决定书（厦门正福表面处理有限公司）,2015-12-29,./201512/t20151229_2487068.htm
责令改正违法行为决定书（厦门市同利源电气设备有限公司）,2015-12-29,./201512/t20151229_2487066.htm
责令改正违法行为决定书（厦门正福表面处理有限公司）,2015-12-29,./201512/t20151229_2487067.htm
责令改正违法行为决定书（华懋（厦门）织造染整有限公司）,2015-12-29,./201512/t20151229_2487065.htm
责令改正违法行为决定书（厦门水务中环制水有限公司）,2015-12-29,./201512/t20151229_2487064.htm
责令改正违法行为决定书（厦门中禾实业有限公司）,2015-12-29,./201512/t20151229_2487063.htm
责令改正违法行为决定书（厦门搏捷电镀有限公司）,2015-12-29,./201512/t20151229_2487062.htm
责令改正违法行为决定书（厦门王氏明发打火机有限公司）,2015-12-29,./201512/t20151229_2487061.htm
责令改正违法行为决定书（厦门钨业股份有限公司）,2015-12-29,./201512/t20151229_2487060.htm
责令改正违法行为决定书（厦门太古可口可乐饮料有限公司）,2015-12-29,./201512/t20151229_2487059.htm
责令改正违法行为决定书（厦门亿香肉类联合加工有限公司）,2015-12-29,./201512/t20151229_2487058.htm
责令改正违法行为决定书（厦门市同利源电气设备有限公司）,2015-12-29,./201512/t20151229_2487057.htm
责令改正违法行为决定书（厦门绿泉实业有限公司）,2015-12-29,./201512/t20151229_2487056.htm
责令改正违法行为决定书（德彦纸业（厦门）有限公司）,2015-12-29,./201512/t20151229_2487055.htm
责令改正违法行为决定书（厦门惠尔康食品有限公司）,2015-12-29,./201512/t20151229_2487054.htm
责令改正违法行为决定书（厦门泰利眼镜工业有限公司）,2015-12-29,./201512/t20151229_2487053.htm
责令改正违法行为决定书（厦门欣建雅工贸有限公司）,2015-12-29,./201512/t20151229_2487052.htm
责令改正违法行为决定书（路达（厦门）工业有限公司）,2015-12-29,./201512/t20151229_2487050.htm
责令改正违法行为决定书（厦门瑞京金属制品有限公司）,2015-12-29,./201512/t20151229_2487051.htm
责令改正违法行为决定书（厦门太平货柜制造有限公司）,2015-12-29,./201512/t20151229_2487049.htm
责令改正违法行为决定书（光夏包装（厦门）有限公司）,2015-12-29,./201512/t20151229_2487048.htm
责令改正违法行为决定书（厦门正福表面处理有限公司）,2015-12-29,./201512/t20151229_2487047.htm
责令改正违法行为决定书（厦门同集热电有限公司）,2015-12-29,./201512/t20151229_2487046.htm
行政处罚决定书（华茂光学工业（厦门）有限公司）,2015-12-29,./201512/t20151229_2487044.htm
责令改正违法行为决定书（厦门联晶金属表面处理有限公司）,2015-12-29,./201512/t20151229_2487045.htm
责令改正违法行为决定书（厦门联晶金属表面处理有限公司）,2015-12-29,./201512/t20151229_2487043.htm
责令改正违法行为决定书（厦门成联五金制造有限公司）,2015-12-29,./201512/t20151229_2487042.htm
行政处罚决定书（厦门绿泉实业有限公司）,2015-12-29,./201512/t20151229_2487041.htm
行政处罚决定书（厦门绿泉实业有限公司）,2015-12-29,./201512/t20151229_2487040.htm
责令改正违法行为决定书（厦门绿泉实业有限公司）,2015-12-29,./201512/t20151229_2487039.htm
行政处罚决定书（厦门银鹭食品集团有限公司）,2015-12-29,./201512/t20151229_2487038.htm
行政处罚决定书（厦门华纶印染有限公司）,2015-12-29,./201512/t20151229_2487036.htm
行政处罚决定书（厦门成联五金制造有限公司）,2015-12-29,./201512/t20151229_2487037.htm
行政处罚决定书（厦门联晶金属表面处理有限公司）,2015-12-29,./201512/t20151229_2487035.htm
行政处罚决定书（厦门联晶金属表面处理有限公司）,2015-12-29,./201512/t20151229_2487034.htm
行政处罚决定书（厦门联晶金属表面处理有限公司）,2015-12-29,./201512/t20151229_2487033.htm
行政处罚决定书（厦门荣联五金工业有限公司）,2015-12-29,./201512/t20151229_2487032.htm
行政处罚决定书（厦门华诚实业有限公司）,2015-12-29,./201512/t20151229_2487030.htm
行政处罚决定书（厦门荣联五金工业有限公司）,2015-12-29,./201512/t20151229_2487031.htm
行政处罚决定书（厦门福太洋伞有限公司）,2015-12-29,./201512/t20151229_2487029.htm
行政处罚决定书（厦门瑞新热电有限公司）,2015-12-29,./201512/t20151229_2487028.htm
行政处罚决定书（厦门姚明织带饰品有限公司）,2015-12-29,./201512/t20151229_2487027.htm
行政处罚决定书（厦门搏捷电镀有限公司）,2015-12-29,./201512/t20151229_2487026.htm
行政处罚决定书（厦门泰利眼镜工业有限公司）,2015-12-29,./201512/t20151229_2487025.htm
行政处罚决定书（厦门瑞京金属制品有限公司）,2015-12-29,./201512/t20151229_2487024.htm
行政处罚决定书（厦门泰利眼镜工业有限公司）,2015-12-29,./201512/t20151229_2487023.htm
厦门银鹭食品集团有限公司行政处罚决定书,2015-11-24,./201511/t20151124_2487022.htm
厦门华纶印染有限公司行政处罚决定书,2015-11-24,./201511/t20151124_2487020.htm
厦门成联五金制造有限公司行政处罚决定书,2015-11-24,./201511/t20151124_2487021.htm
厦门联晶金属表面处理有限公司行政处罚决定书,2015-11-24,./201511/t20151124_2487019.htm
厦门联晶金属表面处理有限公司行政处罚决定书,2015-11-24,./201511/t20151124_2487018.htm
厦门联晶金属表面处理有限公司行政处罚决定书,2015-11-24,./201511/t20151124_2487017.htm
德彦纸业（厦门）有限公司行政处罚决定书,2015-09-25,./201509/t20150928_2487016.htm
德彦纸业（厦门）有限公司行政处罚决定书,2015-09-25,./201509/t20150928_2487015.htm
德彦纸业（厦门）有限公司行政处罚决定书,2015-09-25,./201509/t20150928_2487014.htm
德彦纸业（厦门）有限公司行政处罚决定书,2015-09-25,./201509/t20150928_2487013.htm
厦门瑞新热电有限公司行政处罚决定书,2015-09-25,./201509/t20150928_2487012.htm
厦门客来斯光学工业有限公司行政处罚决定书,2015-09-23,./201509/t20150928_2487011.htm
厦门正福表面处理有限公司行政处罚决定书,2015-09-01,./201509/t20150916_2487010.htm
厦门正福表面处理有限公司行政处罚决定书,2015-09-01,./201509/t20150916_2487009.htm
厦门银祥肉业有限公司行政处罚决定书,2015-09-01,./201509/t20150916_2487008.htm
厦门亿香肉类联合加工有限公司行政处罚决定书,2015-09-01,./201509/t20150916_2487007.htm
厦门欣建雅工贸有限公司行政处罚决定书,2015-09-01,./201509/t20150916_2487006.htm
中国石油天然气股份有限公司西气东输管道分公司行政处罚决定书,2015-09-01,./201509/t20150916_2487005.htm
厦门惠尔康食品有限公司行政处罚决定书,2015-09-01,./201509/t20150916_2487004.htm
厦门太平货柜制造有限公司行政处罚决定书,2015-07-28,./201509/t20150916_2487002.htm
华茂光学工业（厦门）有限公司行政处罚决定书,2015-07-28,./201509/t20150916_2487003.htm
厦门银鹭食品集团有限公司行政处罚决定书,2015-07-28,./201509/t20150916_2487001.htm
厦门联晶金属表面处理有限公司行政处罚决定书,2015-07-28,./201509/t20150916_2487000.htm
厦门绿泉实业有限公司行政处罚决定书,2015-06-12,./201507/t20150725_2486999.htm
厦门正福表面处理有限公司行政处罚决定书,2015-06-10,./201507/t20150725_2486998.htm
德彦纸业（厦门）有限公司行政处罚决定书,2015-06-09,./201507/t20150725_2486997.htm
厦门亿香肉类联合加工有限公司行政处罚决定书,2015-06-05,./201507/t20150725_2486996.htm
厦门新阳热电有限公司行政处罚决定书,2015-06-02,./201507/t20150725_2486993.htm
光夏包装（厦门）有限公司行政处罚决定书,2015-06-02,./201507/t20150725_2486994.htm
大胜窑业建设开发（厦门）有限公司行政处罚决定书,2015-06-02,./201507/t20150725_2486995.htm
厦门水务中环制水有限公司行政处罚决定书,2015-05-13,./201507/t20150725_2486992.htm
先锋（厦门）电镀开发有限公司行政处罚决定书,2015-05-05,./201507/t20150725_2486991.htm
厦门市昊昱工贸有限公司行政处罚决定书,2015-04-30,./201507/t20150725_2486989.htm
厦门钨业股份有限公司行政处罚决定书,2015-04-30,./201507/t20150725_2486990.htm
厦门正福表面处理有限公司行政处罚决定书,2015-04-23,./201507/t20150725_2486988.htm
厦门市同利源电气设备有限公司行政处罚决定书,2015-04-23,./201507/t20150725_2486987.htm
厦门惠尔康食品有限公司行政处罚决定书,2015-04-23,./201507/t20150725_2486986.htm
厦门搏捷电镀有限公司行政处罚决定书,2015-04-23,./201507/t20150725_2486985.htm
先锋（厦门）电镀开发有限公司行政处罚决定书,2015-04-23,./201507/t20150725_2486984.htm
厦门东海洋水产品有限公司行政处罚决定书,2015-04-23,./201507/t20150725_2486983.htm
厦门客来斯光学工业有限公司行政处罚决定书,2015-04-23,./201507/t20150725_2486982.htm
东洲（厦门）纺织有限公司行政处罚决定书,2015-04-23,./201507/t20150725_2486981.htm
厦门华纶印染有限公司行政处罚决定书,2015-04-21,./201507/t20150725_2486979.htm
厦门中禾实业有限公司行政处罚决定书,2015-04-21,./201507/t20150725_2486980.htm
厦门惠尔康食品有限公司行政处罚决定书,2015-04-17,./201507/t20150725_2486977.htm
厦门华铃集团有限公司行政处罚决定书,2015-04-17,./201507/t20150725_2486978.htm
华懋（厦门）织造染整有限公司行政处罚决定书,2015-04-16,./201507/t20150725_2486976.htm
裕兴螺丝（厦门）工业有限公司行政处罚决定书,2015-04-14,./201507/t20150725_2486974.htm
厦门成联五金制造有限公司行政处罚决定书,2015-04-14,./201507/t20150725_2486975.htm
厦门正福表面处理有限公司行政处罚决定书,2015-04-13,./201507/t20150725_2486972.htm
厦门市同利源电气设备有限公司行政处罚决定书,2015-04-13,./201507/t20150725_2486973.htm
厦门王氏明发打火机有限公司行政处罚决定书,2015-04-07,./201507/t20150725_2486971.htm
厦门福太洋伞有限公司行政处罚决定书,2015-04-03,./201507/t20150725_2486970.htm
厦门银鹭食品集团有限公司行政处罚决定书,2015-03-31,./201507/t20150725_2486967.htm
厦门银鹭食品集团有限公司行政处罚决定书,2015-03-31,./201507/t20150725_2486968.htm
厦门市明创工贸有限公司行政处罚决定书,2015-03-31,./201507/t20150725_2486969.htm
路达（厦门）工业有限公司行政处罚决定书,2015-03-30,./201507/t20150725_2486966.htm
厦门瑞京金属制品有限公司行政处罚决定书,2015-03-29,./201507/t20150725_2486965.htm
厦门银华机械有限公司行政处罚决定书,2015-03-28,./201507/t20150725_2486963.htm
厦门东海洋水产品有限公司行政处罚决定书,2015-03-28,./201507/t20150725_2486964.htm
厦门搏捷电镀有限公司行政处罚决定书,2015-01-13,./201507/t20150725_2486962.htm
明达玻璃（厦门）有限公司行政处罚决定书,2014-12-29,./201507/t20150725_2486961.htm
厦门瑞京金属制品有限公司行政处罚决定书,2014-12-19,./201507/t20150725_2486959.htm
厦门惠尔康食品有限公司行政处罚决定书,2014-12-19,./201507/t20150725_2486960.htm
厦门市同利源电气设备有限公司行政处罚决定书,2014-12-17,./201507/t20150725_2486957.htm
厦门绿泉实业有限公司行政处罚决定书,2014-12-17,./201507/t20150725_2486958.htm
厦门银鹭食品集团有限公司行政处罚决定书,2014-12-16,./201507/t20150725_2486955.htm
腾龙特种树脂（厦门）有限公司行政处罚决定书,2014-12-16,./201507/t20150725_2486956.htm
厦门新阳热电有限公司行政处罚决定书,2014-12-15,./201507/t20150725_2486952.htm
厦门联晶金属表面处理有限公司行政处罚决定书,2014-12-15,./201507/t20150725_2486953.htm
厦门谊瑞货架有限公司行政处罚决定书,2014-12-15,./201507/t20150725_2486954.htm
厦门正新橡胶工业有限公司行政处罚决定书,2014-12-12,./201507/t20150725_2486951.htm
裕兴螺丝（厦门）工业有限公司行政处罚决定书,2014-12-10,./201507/t20150725_2486950.htm
厦门瑞新热电有限公司行政处罚决定书,2014-12-09,./201507/t20150725_2486948.htm
厦门瑞新热电有限公司行政处罚决定书,2014-12-09,./201507/t20150725_2486949.htm
厦门荣联五金工业有限公司行政处罚决定书,2014-12-04,./201507/t20150725_2486947.htm
厦门市五显造纸有限公司行政处罚决定书,2014-12-01,./201507/t20150725_2486946.htm
厦门银华机械有限公司行政处罚决定书,2014-11-24,./201507/t20150725_2486945.htm
厦门银鹭食品集团有限公司行政处罚决定书,2014-11-03,./201507/t20150725_2486944.htm
行政处罚决定书（厦门翡联塑胶科技有限公司）,2014-10-27,./201501/t20150114_2486943.htm
厦门联晶金属表面处理有限公司行政处罚决定书,2014-10-20,./201507/t20150725_2486940.htm
厦门市市容环境卫生管理处行政处罚决定书,2014-10-20,./201507/t20150725_2486941.htm
厦门市环境保护局行政处罚案件统计表（2014年7-9月）,2014-10-20,./201501/t20150114_2486942.htm
行政处罚决定书（厦门华弘昌科技有限公司）,2014-10-11,./201501/t20150114_2486937.htm
行政处罚决定书（厦门欣建雅工贸有限公司）,2014-10-11,./201501/t20150114_2486938.htm
行政处罚决定书（厦门绿泉实业有限公司）,2014-10-11,./201501/t20150114_2486939.htm
厦门白马橡塑金属工业有限公司行政处罚决定书,2014-10-09,./201507/t20150725_2486936.htm
行政处罚决定书（晶宇光电（厦门）有限公司）,2014-09-28,./201501/t20150114_2486935.htm
行政处罚决定书（厦门圣源金属制造有限公司）,2014-09-26,./201501/t20150114_2486933.htm
行政处罚决定书（厦门圣源金属制造有限公司）,2014-09-26,./201501/t20150114_2486934.htm
行政处罚决定书（厦门惠尔康食品有限公司）,2014-09-19,./201501/t20150114_2486932.htm
行政处罚决定书（亚美（厦门）皮件有限公司）,2014-09-17,./201501/t20150114_2486931.htm
行政处罚决定书（诚展光学（厦门）有限公司）,2014-09-16,./201501/t20150114_2486930.htm
行政处罚决定书（厦门中坤生物科技有限公司）,2014-09-10,./201501/t20150114_2486929.htm
行政处罚决定书（厦门新阳热电有限公司）,2014-08-05,./201501/t20150114_2486928.htm
行政处罚决定书（东洲（厦门）纺织有限公司）,2014-07-31,./201501/t20150114_2486927.htm
行政处罚决定书（厦门银祥肉业有限公司）,2014-07-25,./201501/t20150114_2486926.htm
行政处罚决定书（厦门中禾实业有限公司）,2014-07-22,./201501/t20150114_2486925.htm
厦门市环境保护局行政处罚案件统计表（2014年4-6月）,2014-07-20,./201501/t20150114_2486924.htm
行政处罚决定书（厦门早龙饮料有限公司）,2014-07-17,./201501/t20150114_2486923.htm
行政处罚决定书（明达实业（厦门）有限公司）,2014-07-14,./201501/t20150114_2486922.htm
行政处罚决定书（厦门虹鹭钨钼工业有限公司）,2014-07-10,./201501/t20150114_2486921.htm
行政处罚决定书（厦门涌泉集团有限公司）,2014-07-09,./201501/t20150114_2486920.htm
行政处罚决定书（厦门松霖科技有限公司）,2014-06-25,./201501/t20150114_2486919.htm
行政处罚决定书（晶宇光电(厦门)有限公司）,2014-06-17,./201501/t20150114_2486916.htm
行政处罚决定书（厦门夏商黄金香食品有限公司集美肉联厂）,2014-06-17,./201501/t20150114_2486917.htm
行政处罚决定书（厦门市同利源电气设备有限公司）,2014-06-17,./201501/t20150114_2486918.htm
行政处罚决定书（厦门东海洋水产品有限公司）,2014-06-16,./201501/t20150114_2486915.htm
行政处罚决定书（厦门正新橡胶工业有限公司）,2014-06-06,./201501/t20150114_2486914.htm
行政处罚决定书（厦门虹鹭钨钼工业有限公司）,2014-06-05,./201501/t20150114_2486913.htm
行政处罚决定书（厦门磐德金属制品有限公司）,2014-06-04,./201501/t20150114_2486911.htm
行政处罚决定书（厦门惟精丝钉电镀有限公司）,2014-06-04,./201501/t20150114_2486912.htm
行政处罚决定书（厦门王氏明发打火机有限公司）,2014-06-03,./201501/t20150114_2486910.htm
行政处罚决定书（厦门欣建雅工贸有限公司）,2014-05-20,./201501/t20150114_2486909.htm
行政处罚决定书（厦门欧士佩电镀厂有限公司）,2014-05-07,./201501/t20150114_2486907.htm
行政处罚决定书（厦门欣建雅工贸有限公司）,2014-05-07,./201501/t20150114_2486908.htm
行政处罚决定书（厦门永晋鸿塑胶工业有限公司）,2014-05-06,./201501/t20150114_2486906.htm
行政处罚决定书（厦门华纶印染有限公司）,2014-05-05,./201501/t20150114_2486905.htm
厦门市环境保护局行政处罚案件统计表（2014年1-3月）,2014-05-04,./201501/t20150114_2486904.htm
行政处罚决定书（鹏威（厦门）工业有限公司）,2014-04-18,./201501/t20150114_2486903.htm
行政处罚决定书（厦门飞鹏运动器材有限公司）,2014-04-15,./201501/t20150114_2486900.htm
行政处罚决定书（厦门飞鹏高科技铝业有限公司）,2014-04-15,./201501/t20150114_2486901.htm
行政处罚决定书（厦门飞鹏工业有限公司）,2014-04-15,./201501/t20150114_2486902.htm
行政处罚决定书（厦门弘信电子科技股份有限公司）,2014-04-09,./201501/t20150114_2486899.htm
行政处罚决定书（厦门松霖科技有限公司）,2014-04-08,./201501/t20150114_2486896.htm
行政处罚决定书（厦门亿香肉类联合加工有限公司）,2014-04-08,./201501/t20150114_2486897.htm
行政处罚决定书（厦门益佳家木品家俬有限公司）,2014-04-08,./201501/t20150114_2486898.htm
行政处罚决定书（东洲（厦门）纺织有限公司）,2014-03-24,./201501/t20150114_2486895.htm
行政处罚决定书（华懋（厦门）织造染整有限公司）,2014-03-19,./201501/t20150114_2486894.htm
行政处罚决定书（厦门夏商黄金香食品有限公司杏林肉联厂）,2014-03-18,./201501/t20150114_2486893.htm
行政处罚决定书（厦门华纶印染有限公司）,2014-03-17,./201501/t20150114_2486892.htm
厦门市环境保护局行政处罚案件统计表（2013年1-12月）,2014-03-10,./201501/t20150114_2486891.htm
行政处罚决定书（合锋卫浴（厦门）有限公司）,2014-03-04,./201501/t20150114_2486890.htm
行政处罚决定书（厦门市同利源电气设备有限公司）,2014-02-27,./201501/t20150114_2486889.htm
行政处罚决定书（厦门璞真食品有限公司）,2014-02-17,./201501/t20150114_2486888.htm
行政处罚决定书（厦门瑞京金属制品有限公司）,2014-02-11,./201501/t20150114_2486886.htm
行政处罚决定书（厦门联晶金属表面处理有限公司）,2014-02-11,./201501/t20150114_2486887.htm
